[Licensing::Module] Trying to connect to existing licensing client channel...
[Licensing::IpcConnector] Successfully connected to: "LicenseClient-madra" at "2026-03-12T13:08:05.1175828Z"
Built from '6000.3/staging' branch; Version is '6000.3.4f1 (fdd3b8998ec4) revision 16634808'; Using compiler version '194234433'; Build Type 'Release'
OS: 'Windows 10  (10.0.19045) 64bit Core' Language: 'no' Physical Memory: 8086 MB
BatchMode: 1, IsHumanControllingUs: 0, StartBugReporterOnCrash: 0, Is64bit: 1
System  architecture: x64
Process architecture: x64
Date: 2026-03-12T13:08:05Z

COMMAND LINE ARGUMENTS:
C:\Program Files\Unity\Hub\Editor\6000.3.4f1\Editor\Unity.exe
-adb2
-batchMode
-noUpm
-name
AssetImportWorker0
-projectPath
C:/Users/madra/Dokumenter/NTNU/master/vr/test 1
-logFile
Logs/AssetImportWorker0.log
-srvPort
57564
-licensingIpc
LicenseClient-madra
-job-worker-count
1
-background-job-worker-count
8
-gc-helper-count
1
-name
AssetImport
Successfully changed project path to: C:/Users/madra/Dokumenter/NTNU/master/vr/test 1
C:/Users/madra/Dokumenter/NTNU/master/vr/test 1
[UnityMemory] Configuration Parameters - Can be set up in boot.config
    "memorysetup-temp-allocator-size-nav-mesh-worker=65536"
    "memorysetup-temp-allocator-size-audio-worker=65536"
    "memorysetup-temp-allocator-size-gfx=262144"
    "memorysetup-allocator-temp-initial-block-size-main=262144"
    "memorysetup-allocator-temp-initial-block-size-worker=262144"
    "memorysetup-temp-allocator-size-background-worker=32768"
    "memorysetup-temp-allocator-size-job-worker=262144"
    "memorysetup-temp-allocator-size-preload-manager=33554432"
    "memorysetup-temp-allocator-size-gi-baking-worker=262144"
    "memorysetup-temp-allocator-size-gi-baking-worker=262144"
    "memorysetup-temp-allocator-size-gi-baking-worker=262144"
    "memorysetup-temp-allocator-size-gi-baking-worker=262144"
    "memorysetup-temp-allocator-size-gi-baking-worker=262144"
    "memorysetup-bucket-allocator-granularity=16"
    "memorysetup-bucket-allocator-bucket-count=8"
    "memorysetup-bucket-allocator-block-size=33554432"
    "memorysetup-bucket-allocator-block-count=8"
    "memorysetup-main-allocator-block-size=16777216"
    "memorysetup-thread-allocator-block-size=16777216"
    "memorysetup-gfx-main-allocator-block-size=16777216"
    "memorysetup-gfx-thread-allocator-block-size=16777216"
    "memorysetup-cache-allocator-block-size=4194304"
    "memorysetup-typetree-allocator-block-size=2097152"
    "memorysetup-profiler-bucket-allocator-granularity=16"
    "memorysetup-profiler-bucket-allocator-bucket-count=8"
    "memorysetup-profiler-bucket-allocator-block-size=33554432"
    "memorysetup-profiler-bucket-allocator-block-count=8"
    "memorysetup-profiler-allocator-block-size=16777216"
    "memorysetup-profiler-editor-allocator-block-size=1048576"
    "memorysetup-temp-allocator-size-main=16777216"
    "memorysetup-job-temp-allocator-block-size=2097152"
    "memorysetup-job-temp-allocator-block-size-background=1048576"
    "memorysetup-job-temp-allocator-reduction-small-platforms=262144"
    "memorysetup-temp-allocator-size-cloud-worker=32768"
Player connection [17340]  Target information:

Player connection [17340]  * "[IP] 172.21.80.1 [Port] 0 [Flags] 2 [Guid] 4039459864 [EditorId] 4039459864 [Version] 1048832 [Id] WindowsEditor(7,LAPTOP-OLPTGPKU) [Debug] 1 [PackageName] WindowsEditor [ProjectName] Editor" 

Player connection [17340]  * "[IP] 10.22.217.161 [Port] 0 [Flags] 2 [Guid] 4039459864 [EditorId] 4039459864 [Version] 1048832 [Id] WindowsEditor(7,LAPTOP-OLPTGPKU) [Debug] 1 [PackageName] WindowsEditor [ProjectName] Editor" 

Player connection [17340] Host joined multi-casting on [225.0.0.222:54997]...
Player connection [17340] Host joined alternative multi-casting on [225.0.0.222:34997]...
JobSystem: Creating JobQueue using job-worker-count value 1
Input System module state changed to: Initialized.
[Physics::Module] Initialized fallback backend.
[Physics::Module] Id: 0xdecafbad
Library Redirect Path: Library/
[Physics::Module] Selected backend.
[Physics::Module] Name: PhysX
[Physics::Module] Id: 0xf2b8ea05
[Physics::Module] SDK Version: 4.1.2
[Physics::Module] Integration Version: 1.0.0
[Physics::Module] Threading Mode: Multi-Threaded
Refreshing native plugins compatible for Editor in 5241.04 ms, found 10 plugins.
Preloading 0 native plugins for Editor in 0.00 ms.
Initialize engine version: 6000.3.4f1 (fdd3b8998ec4)
[Subsystems] Discovering subsystems at path C:/Program Files/Unity/Hub/Editor/6000.3.4f1/Editor/Data/Resources/UnitySubsystems
[Subsystems] Discovering subsystems at path C:/Users/madra/Dokumenter/NTNU/master/vr/test 1/Assets
GfxDevice: creating device client; kGfxThreadingModeNonThreaded
Direct3D:
    Version:  Direct3D 11.0 [level 11.1]
    Renderer: Intel(R) HD Graphics 620 (ID=0x5916)
    Vendor:   Intel
    VRAM:     4043 MB
    Driver:   27.20.100.9749
[Licensing::Client] Handshaking with LicensingClient:
  Version:                 1.17.4+4293ba1
  Session Id:              f7703225e5304af29300253a87eee969
  Correlation Id:          c229f0d134fe0fea56a9072e634ef0a2
  External correlation Id: 4987640615765595314
  Machine Id:              vr9Wj+L/DwWA9xi394vArMmU93c=
[Licensing::Module] Successfully connected to LicensingClient on channel: "LicenseClient-madra" (connect: 0.00s, validation: 0.02s, handshake: 10.60s)
[Licensing::IpcConnector] Successfully connected to: "LicenseClient-madra-notifications" at "2026-03-12T13:08:15.7409424Z"
[Licensing::Module] Licensing Background thread has ended after 10.63s
Initialize mono
Mono path[0] = 'C:/Program Files/Unity/Hub/Editor/6000.3.4f1/Editor/Data/Managed'
Mono path[1] = 'C:/Program Files/Unity/Hub/Editor/6000.3.4f1/Editor/Data/MonoBleedingEdge/lib/mono/unityjit-win32'
Mono config path = 'C:/Program Files/Unity/Hub/Editor/6000.3.4f1/Editor/Data/MonoBleedingEdge/etc'
Using monoOptions --debugger-agent=transport=dt_socket,embedding=1,server=y,suspend=n,address=127.0.0.1:56568
Begin MonoManager ReloadAssembly
Registering precompiled unity dll's ...
Register platform support module: C:/Program Files/Unity/Hub/Editor/6000.3.4f1/Editor/Data/PlaybackEngines/WebGLSupport/UnityEditor.WebGL.Extensions.dll
Register platform support module: C:/Program Files/Unity/Hub/Editor/6000.3.4f1/Editor/Data/PlaybackEngines/WindowsStandaloneSupport/UnityEditor.WindowsStandalone.Extensions.dll
[Licensing::Client] Successfully resolved entitlement details
[Licensing::Module] License group:
  Id: 1375886128672-UnityPersXXXX
  Product: Unity Personal
  Type: Assigned
  Expiration: Unlimited
Register platform support module: C:/Program Files/Unity/Hub/Editor/6000.3.4f1/Editor/Data/PlaybackEngines/AndroidPlayer/UnityEditor.Android.Extensions.dll
Registered in 0.034535 seconds.
- Loaded All Assemblies, in  2.273 seconds
Native extension for Android target not found
Android Extension - Scanning For ADB Devices 1044 ms
Native extension for WindowsStandalone target not found
Native extension for WebGL target not found
ScheduleIndexationOnStartup MainProcess:False IndexOnStartup:True
Mono: successfully reloaded assembly
- Finished resetting the current domain, in  7.300 seconds
Domain Reload Profiling: 9564ms
	BeginReloadAssembly (982ms)
		ExecutionOrderSort (0ms)
		DisableScriptedObjects (0ms)
		BackupInstance (0ms)
		ReleaseScriptingObjects (0ms)
		CreateAndSetChildDomain (8ms)
	RebuildCommonClasses (140ms)
	RebuildNativeTypeToScriptingClass (30ms)
	initialDomainReloadingComplete (238ms)
	LoadAllAssembliesAndSetupDomain (872ms)
		LoadAssemblies (967ms)
		RebuildTransferFunctionScriptingTraits (0ms)
		AnalyzeDomain (857ms)
			TypeCache.Refresh (852ms)
				TypeCache.ScanAssembly (792ms)
			BuildScriptInfoCaches (1ms)
			ResolveRequiredComponents (3ms)
	FinalizeReload (7302ms)
		ReleaseScriptCaches (0ms)
		RebuildScriptCaches (0ms)
		SetupLoadedEditorAssemblies (3344ms)
			LogAssemblyErrors (0ms)
			InitializePlatformSupportModulesInManaged (1501ms)
			SetLoadedEditorAssemblies (13ms)
			BeforeProcessingInitializeOnLoad (413ms)
			ProcessInitializeOnLoadAttributes (807ms)
			ProcessInitializeOnLoadMethodAttributes (609ms)
			AfterProcessingInitializeOnLoad (0ms)
			EditorAssembliesLoaded (1ms)
		ExecutionOrderSort2 (0ms)
		AwakeInstancesAfterBackupRestoration (0ms)
========================================================================
Worker process is ready to serve import requests
Import Worker Mode flag is 0x00
Begin MonoManager ReloadAssembly
[Licensing::Client] Successfully resolved entitlement details
- Loaded All Assemblies, in  5.265 seconds
Refreshing native plugins compatible for Editor in 56.32 ms, found 10 plugins.
Native extension for Android target not found
Native extension for WindowsStandalone target not found
Native extension for WebGL target not found
Package Manager log level set to [2]
[Package Manager] Failed to launch server process. Reason: Unity was launched with the -noUpm command-line argument
[Package Manager] Unable to send message (not connected to server process).
[Package Manager] Cannot connect to Unity Package Manager local server
[MODES] ModeService[none].Initialize
[MODES] ModeService[none].LoadModes
[MODES] Loading mode Default (0) for mode-current-id-test 1
ScheduleIndexationOnStartup MainProcess:False IndexOnStartup:True
Mono: successfully reloaded assembly
[Package Manager] Failed to launch server process. Reason: Unity was launched with the -noUpm command-line argument
[Package Manager] Unable to send message (not connected to server process).
[Package Manager] Cannot connect to Unity Package Manager local server
[Package Manager] Failed to launch server process. Reason: Unity was launched with the -noUpm command-line argument
[Package Manager] Unable to send message (not connected to server process).
[Package Manager] Cannot connect to Unity Package Manager local server
- Finished resetting the current domain, in  5.343 seconds
Domain Reload Profiling: 10564ms
	BeginReloadAssembly (832ms)
		ExecutionOrderSort (0ms)
		DisableScriptedObjects (33ms)
		BackupInstance (0ms)
		ReleaseScriptingObjects (0ms)
		CreateAndSetChildDomain (181ms)
	RebuildCommonClasses (133ms)
	RebuildNativeTypeToScriptingClass (46ms)
	initialDomainReloadingComplete (162ms)
	LoadAllAssembliesAndSetupDomain (4048ms)
		LoadAssemblies (2786ms)
		RebuildTransferFunctionScriptingTraits (0ms)
		AnalyzeDomain (1692ms)
			TypeCache.Refresh (1247ms)
				TypeCache.ScanAssembly (1167ms)
			BuildScriptInfoCaches (382ms)
			ResolveRequiredComponents (51ms)
	FinalizeReload (5344ms)
		ReleaseScriptCaches (0ms)
		RebuildScriptCaches (0ms)
		SetupLoadedEditorAssemblies (4140ms)
			LogAssemblyErrors (0ms)
			InitializePlatformSupportModulesInManaged (36ms)
			SetLoadedEditorAssemblies (16ms)
			BeforeProcessingInitializeOnLoad (788ms)
			ProcessInitializeOnLoadAttributes (1882ms)
			ProcessInitializeOnLoadMethodAttributes (1393ms)
			AfterProcessingInitializeOnLoad (25ms)
			EditorAssembliesLoaded (1ms)
		ExecutionOrderSort2 (0ms)
		AwakeInstancesAfterBackupRestoration (12ms)
WARNING: Shader Unsupported: 'HDRP/TerrainLit' - All subshaders removed
WARNING: Shader Did you use #pragma only_renderers and omit this platform?
WARNING: Shader If subshaders removal was intentional, you may have forgotten turning Fallback off?
WARNING: Shader Unsupported: 'HDRP/TerrainLit' - All subshaders removed
WARNING: Shader Did you use #pragma only_renderers and omit this platform?
WARNING: Shader If subshaders removal was intentional, you may have forgotten turning Fallback off?
WARNING: Shader Unsupported: 'Hidden/Builtin_TerrainVisualization' - All subshaders removed
WARNING: Shader Did you use #pragma only_renderers and omit this platform?
WARNING: Shader If subshaders removal was intentional, you may have forgotten turning Fallback off?
WARNING: Shader Unsupported: 'Hidden/Builtin_TerrainVisualization' - All subshaders removed
WARNING: Shader Did you use #pragma only_renderers and omit this platform?
WARNING: Shader If subshaders removal was intentional, you may have forgotten turning Fallback off?
Launched and connected shader compiler UnityShaderCompiler.exe after 0.06 seconds
Refreshing native plugins compatible for Editor in 35.65 ms, found 10 plugins.
Preloading 0 native plugins for Editor in 0.00 ms.
Unloading 196 Unused Serialized files (Serialized files now loaded: 0)
Unloading 9520 unused Assets / (25.7 MB). Loaded Objects now: 10357.
Memory consumption went from 230.3 MB to 204.5 MB.
Total: 56.184500 ms (FindLiveObjects: 2.599500 ms CreateObjectMapping: 4.770100 ms MarkObjects: 26.360300 ms  DeleteObjects: 22.451200 ms)

========================================================================
Received Import Request.
  Time since last request: 259808.704412 seconds.
  path: Assets/XR/XRGeneralSettingsPerBuildTarget.asset
  artifactKey: Guid(20e805650fa3fe7489a61b916b50fe07) Importer(2089858483,b0f066a214c2f5e87bad3c948f4d605d)
Start importing Assets/XR/XRGeneralSettingsPerBuildTarget.asset using Guid(20e805650fa3fe7489a61b916b50fe07) Importer(2089858483,b0f066a214c2f5e87bad3c948f4d605d) (ScriptedImporter) -> (artifact id: 'da641224019850dc4612defa0522e891') in 0.4120836 seconds
Number of updated asset objects reloaded before import = 0Number of asset objects unloaded after import = 8

========================================================================
Received Import Request.
  Time since last request: 0.000121 seconds.
  path: Assets/Terrain/Terrain_0_0_4c07c535-d763-40bf-b245-da20b4e07802.asset
  artifactKey: Guid(514dbdb22e14fea42908b4b6ca229253) Importer(2089858483,b0f066a214c2f5e87bad3c948f4d605d)
Start importing Assets/Terrain/Terrain_0_0_4c07c535-d763-40bf-b245-da20b4e07802.asset using Guid(514dbdb22e14fea42908b4b6ca229253) Importer(2089858483,b0f066a214c2f5e87bad3c948f4d605d) (ScriptedImporter) -> (artifact id: '64e73581a13722b5a50d13aa55943713') in 0.9486219 seconds
Number of updated asset objects reloaded before import = 0Number of asset objects unloaded after import = 1

========================================================================
Received Import Request.
  Time since last request: 0.000630 seconds.
  path: Assets/my stuff/Iceberg/Ice.shadergraph
  artifactKey: Guid(81f3aef5486ebef40b1b348b489ac68d) Importer(2089858483,b0f066a214c2f5e87bad3c948f4d605d)
Start importing Assets/my stuff/Iceberg/Ice.shadergraph using Guid(81f3aef5486ebef40b1b348b489ac68d) Importer(2089858483,b0f066a214c2f5e87bad3c948f4d605d) (ScriptedImporter) -> (artifact id: '34fffb74aa69dbeab76071c950c7a72c') in 0.3144772 seconds
Number of updated asset objects reloaded before import = 0Number of asset objects unloaded after import = 9

========================================================================
Received Import Request.
  Time since last request: 0.000233 seconds.
  path: Assets/_Recovery/0.unity
  artifactKey: Guid(eaf9e1178c5ef164baced51c15d741e5) Importer(2089858483,b0f066a214c2f5e87bad3c948f4d605d)
Start importing Assets/_Recovery/0.unity using Guid(eaf9e1178c5ef164baced51c15d741e5) Importer(2089858483,b0f066a214c2f5e87bad3c948f4d605d) (ScriptedImporter) -> (artifact id: '5bd263de3f0a07010e26364ca990e90b') in 0.0500639 seconds
Number of updated asset objects reloaded before import = 0Number of asset objects unloaded after import = 1

========================================================================
Received Import Request.
  Time since last request: 0.000041 seconds.
  path: Assets/Terrain/Terrain_0_0_01215e1d-9aba-419a-8441-d61dbc7cb57c.asset
  artifactKey: Guid(6a92f7eff20ffdb43b39ecf21af1942d) Importer(2089858483,b0f066a214c2f5e87bad3c948f4d605d)
Start importing Assets/Terrain/Terrain_0_0_01215e1d-9aba-419a-8441-d61dbc7cb57c.asset using Guid(6a92f7eff20ffdb43b39ecf21af1942d) Importer(2089858483,b0f066a214c2f5e87bad3c948f4d605d) (ScriptedImporter) -> (artifact id: 'c33d0b8ae676cb7d07baa11cdc86790e') in 0.0455607 seconds
Number of updated asset objects reloaded before import = 0Number of asset objects unloaded after import = 1

========================================================================
Received Import Request.
  Time since last request: 0.000045 seconds.
  path: Assets/TerrainSampleAssets/Models/Grass_D.asset
  artifactKey: Guid(15afb6df1db838d409d503b01fb48944) Importer(2089858483,b0f066a214c2f5e87bad3c948f4d605d)
Start importing Assets/TerrainSampleAssets/Models/Grass_D.asset using Guid(15afb6df1db838d409d503b01fb48944) Importer(2089858483,b0f066a214c2f5e87bad3c948f4d605d) (ScriptedImporter) -> (artifact id: '23c048722f09dc9985ec0865244d9d20') in 0.0493479 seconds
Number of updated asset objects reloaded before import = 0Number of asset objects unloaded after import = 1

========================================================================
Received Import Request.
  Time since last request: 0.000055 seconds.
  path: Assets/my stuff/collors/Yellow.mat
  artifactKey: Guid(ae02abc17e0cdc44ab6dafc8445ae272) Importer(2089858483,b0f066a214c2f5e87bad3c948f4d605d)
Start importing Assets/my stuff/collors/Yellow.mat using Guid(ae02abc17e0cdc44ab6dafc8445ae272) Importer(2089858483,b0f066a214c2f5e87bad3c948f4d605d) (ScriptedImporter) -> (artifact id: '3bcec5854c35a195cab202c7f9b36b28') in 0.061099 seconds
Number of updated asset objects reloaded before import = 0Number of asset objects unloaded after import = 1

========================================================================
Received Import Request.
  Time since last request: 0.000045 seconds.
  path: Assets/TerrainSampleAssets/Models/Heather_B.asset
  artifactKey: Guid(fa4ffd32709146c448c403bfd045f3fb) Importer(2089858483,b0f066a214c2f5e87bad3c948f4d605d)
Start importing Assets/TerrainSampleAssets/Models/Heather_B.asset using Guid(fa4ffd32709146c448c403bfd045f3fb) Importer(2089858483,b0f066a214c2f5e87bad3c948f4d605d) (ScriptedImporter) -> (artifact id: 'a6ddc14aadef36bee12e21e4662d2228') in 0.0767024 seconds
Number of updated asset objects reloaded before import = 0Number of asset objects unloaded after import = 1

========================================================================
Received Import Request.
  Time since last request: 0.000036 seconds.
  path: Assets/Oculus Hands/Animations/l_hand_default_anim.fbx
  artifactKey: Guid(1ae9aefe37a62de429ddc2edd1ca36f3) Importer(2089858483,b0f066a214c2f5e87bad3c948f4d605d)
Start importing Assets/Oculus Hands/Animations/l_hand_default_anim.fbx using Guid(1ae9aefe37a62de429ddc2edd1ca36f3) Importer(2089858483,b0f066a214c2f5e87bad3c948f4d605d) (ScriptedImporter) -> (artifact id: 'ee87c1d58fd72f230b573124a00d06f0') in 0.3047131 seconds
Number of updated asset objects reloaded before import = 0Number of asset objects unloaded after import = 57

========================================================================
Received Import Request.
  Time since last request: 0.000048 seconds.
  path: Assets/my stuff/water/wave normal map.PNG
  artifactKey: Guid(b8044b05c1091fb4ab1e1d68e6131c38) Importer(2089858483,b0f066a214c2f5e87bad3c948f4d605d)
Start importing Assets/my stuff/water/wave normal map.PNG using Guid(b8044b05c1091fb4ab1e1d68e6131c38) Importer(2089858483,b0f066a214c2f5e87bad3c948f4d605d) (ScriptedImporter) -> (artifact id: '742b08f8097f367b20c919b22ea1ea14') in 0.1768347 seconds
Number of updated asset objects reloaded before import = 0Number of asset objects unloaded after import = 1

========================================================================
Received Import Request.
  Time since last request: 0.000046 seconds.
  path: Assets/TerrainSampleAssets/Materials/Plant.asset
  artifactKey: Guid(f53f3a3078db3cd4a9bcd875d3b2a557) Importer(2089858483,b0f066a214c2f5e87bad3c948f4d605d)
Start importing Assets/TerrainSampleAssets/Materials/Plant.asset using Guid(f53f3a3078db3cd4a9bcd875d3b2a557) Importer(2089858483,b0f066a214c2f5e87bad3c948f4d605d) (ScriptedImporter)The file 'Assets/TerrainSampleAssets/Materials/Plant.asset' seems to have merge conflicts. Please open it in a text editor and fix the merge.
UnityEngine.Debug:ExtractStackTraceNoAlloc (byte*,int,string)
UnityEngine.StackTraceUtility:ExtractStackTrace ()
UnityEditor.AssetDatabase:LoadMainAssetAtPath (string)
UnityEditor.Search.AssetIndexer:IndexProperties (int&,string&,bool&)
UnityEditor.Search.AssetIndexer:IndexDocument (string,bool)
UnityEditor.Search.SearchIndexArtifactImporter:OnImportAsset (UnityEditor.AssetImporters.AssetImportContext)
UnityEditor.AssetImporters.ScriptedImporter:GenerateAssetData (UnityEditor.AssetImporters.AssetImportContext)

[ line 0]

 -> (artifact id: 'eb8f1588ebb652b63c33177f55b35118') in 0.0447487 seconds
Number of updated asset objects reloaded before import = 0Number of asset objects unloaded after import = 1

========================================================================
Received Import Request.
  Time since last request: 0.000042 seconds.
  path: Assets/Terrain/Terrain_1_0_b053d138-09c6-43dd-9934-a7a509f65895.asset
  artifactKey: Guid(54e81264b29e40c4a91972d7326c6cf3) Importer(2089858483,b0f066a214c2f5e87bad3c948f4d605d)
Start importing Assets/Terrain/Terrain_1_0_b053d138-09c6-43dd-9934-a7a509f65895.asset using Guid(54e81264b29e40c4a91972d7326c6cf3) Importer(2089858483,b0f066a214c2f5e87bad3c948f4d605d) (ScriptedImporter) -> (artifact id: 'f5654a0c16e25559d1314c2ff11b9e9e') in 0.2485261 seconds
Number of updated asset objects reloaded before import = 0Number of asset objects unloaded after import = 1

========================================================================
Received Import Request.
  Time since last request: 0.000030 seconds.
  path: Assets/my stuff/game objects/Directional Light.prefab
  artifactKey: Guid(ca1e3a2f3e55c0a4cb76236a32546954) Importer(2089858483,b0f066a214c2f5e87bad3c948f4d605d)
Start importing Assets/my stuff/game objects/Directional Light.prefab using Guid(ca1e3a2f3e55c0a4cb76236a32546954) Importer(2089858483,b0f066a214c2f5e87bad3c948f4d605d) (ScriptedImporter) -> (artifact id: '40890a0c081750a34c126f734145750f') in 0.1194817 seconds
Number of updated asset objects reloaded before import = 0Number of asset objects unloaded after import = 6

========================================================================
Received Import Request.
  Time since last request: 0.000085 seconds.
  path: Assets/NewLayer1 1.terrainlayer
  artifactKey: Guid(97a2c47f8fb4e9f43a2d402539b4e9ae) Importer(2089858483,b0f066a214c2f5e87bad3c948f4d605d)
Start importing Assets/NewLayer1 1.terrainlayer using Guid(97a2c47f8fb4e9f43a2d402539b4e9ae) Importer(2089858483,b0f066a214c2f5e87bad3c948f4d605d) (ScriptedImporter) -> (artifact id: '490721da517df03b006ce1496c5f3159') in 0.0356082 seconds
Number of updated asset objects reloaded before import = 0Number of asset objects unloaded after import = 1

========================================================================
Received Import Request.
  Time since last request: 0.000042 seconds.
  path: Assets/Terrain/Terrain_0_0_beb7199c-4730-4a82-a918-d2bd9fae074d.asset
  artifactKey: Guid(19450b30256f71e479a15e7c427fb75b) Importer(2089858483,b0f066a214c2f5e87bad3c948f4d605d)
Start importing Assets/Terrain/Terrain_0_0_beb7199c-4730-4a82-a918-d2bd9fae074d.asset using Guid(19450b30256f71e479a15e7c427fb75b) Importer(2089858483,b0f066a214c2f5e87bad3c948f4d605d) (ScriptedImporter) -> (artifact id: '9b99f860062321bfcbd46d5836bbd43a') in 0.0435518 seconds
Number of updated asset objects reloaded before import = 0Number of asset objects unloaded after import = 1

========================================================================
Received Import Request.
  Time since last request: 0.000036 seconds.
  path: Assets/TerrainSampleAssets/Models/Grass_B.asset
  artifactKey: Guid(255522b0d4257624f93e110d4a6135ed) Importer(2089858483,b0f066a214c2f5e87bad3c948f4d605d)
Start importing Assets/TerrainSampleAssets/Models/Grass_B.asset using Guid(255522b0d4257624f93e110d4a6135ed) Importer(2089858483,b0f066a214c2f5e87bad3c948f4d605d) (ScriptedImporter) -> (artifact id: '398bf300d469e35f46fe7673781a9c7b') in 0.0341078 seconds
Number of updated asset objects reloaded before import = 0Number of asset objects unloaded after import = 1

========================================================================
Received Import Request.
  Time since last request: 0.000053 seconds.
  path: Assets/TerrainSampleAssets/Prefabs/Bush_A.prefab
  artifactKey: Guid(0ec1c69bd47ad864f96cc2b516f6cd4b) Importer(2089858483,b0f066a214c2f5e87bad3c948f4d605d)
Start importing Assets/TerrainSampleAssets/Prefabs/Bush_A.prefab using Guid(0ec1c69bd47ad864f96cc2b516f6cd4b) Importer(2089858483,b0f066a214c2f5e87bad3c948f4d605d) (ScriptedImporter)The file 'Assets/TerrainSampleAssets/Materials/Bush.asset' seems to have merge conflicts. Please open it in a text editor and fix the merge.
UnityEngine.Debug:ExtractStackTraceNoAlloc (byte*,int,string)
UnityEngine.StackTraceUtility:ExtractStackTrace ()
UnityEngine.Renderer:GetSharedMaterialArray ()
UnityEngine.Renderer:get_sharedMaterials ()
UnityEditor.Search.IndexerExtensions:IndexMeshRendererMaterials (UnityEditor.Search.CustomObjectIndexerTarget,UnityEditor.Search.ObjectIndexer)
UnityEditor.Search.ObjectIndexer:CallCustomIndexers (string,int,UnityEngine.Object,UnityEditor.SerializedObject,bool)
UnityEditor.Search.ObjectIndexer:IndexCustomProperties (string,int,UnityEngine.Object)
UnityEditor.Search.AssetIndexer:IndexCustomGameObjectProperties (string,int,UnityEngine.GameObject)
UnityEditor.Search.AssetIndexer:IndexProperties (int&,string&,bool&)
UnityEditor.Search.AssetIndexer:IndexDocument (string,bool)
UnityEditor.Search.SearchIndexArtifactImporter:OnImportAsset (UnityEditor.AssetImporters.AssetImportContext)
UnityEditor.AssetImporters.ScriptedImporter:GenerateAssetData (UnityEditor.AssetImporters.AssetImportContext)

[ line 0]

 -> (artifact id: 'e14f0749d9608358b8f5ff2c86430ea4') in 0.0994757 seconds
Number of updated asset objects reloaded before import = 0Number of asset objects unloaded after import = 7

========================================================================
Received Import Request.
  Time since last request: 0.000057 seconds.
  path: Assets/TerrainSampleAssets/Prefabs/Fern_B.prefab
  artifactKey: Guid(5e7ace55a7bfd0d4f9ba3c05024e9d79) Importer(2089858483,b0f066a214c2f5e87bad3c948f4d605d)
Start importing Assets/TerrainSampleAssets/Prefabs/Fern_B.prefab using Guid(5e7ace55a7bfd0d4f9ba3c05024e9d79) Importer(2089858483,b0f066a214c2f5e87bad3c948f4d605d) (ScriptedImporter)The file 'Assets/TerrainSampleAssets/Materials/Fern.asset' seems to have merge conflicts. Please open it in a text editor and fix the merge.
UnityEngine.Debug:ExtractStackTraceNoAlloc (byte*,int,string)
UnityEngine.StackTraceUtility:ExtractStackTrace ()
UnityEngine.Renderer:GetSharedMaterialArray ()
UnityEngine.Renderer:get_sharedMaterials ()
UnityEditor.Search.IndexerExtensions:IndexMeshRendererMaterials (UnityEditor.Search.CustomObjectIndexerTarget,UnityEditor.Search.ObjectIndexer)
UnityEditor.Search.ObjectIndexer:CallCustomIndexers (string,int,UnityEngine.Object,UnityEditor.SerializedObject,bool)
UnityEditor.Search.ObjectIndexer:IndexCustomProperties (string,int,UnityEngine.Object)
UnityEditor.Search.AssetIndexer:IndexCustomGameObjectProperties (string,int,UnityEngine.GameObject)
UnityEditor.Search.AssetIndexer:IndexProperties (int&,string&,bool&)
UnityEditor.Search.AssetIndexer:IndexDocument (string,bool)
UnityEditor.Search.SearchIndexArtifactImporter:OnImportAsset (UnityEditor.AssetImporters.AssetImportContext)
UnityEditor.AssetImporters.ScriptedImporter:GenerateAssetData (UnityEditor.AssetImporters.AssetImportContext)

[ line 0]

 -> (artifact id: '58f3a3893e66c49851040d51243db561') in 0.0466805 seconds
Number of updated asset objects reloaded before import = 0Number of asset objects unloaded after import = 7

========================================================================
Received Import Request.
  Time since last request: 0.000041 seconds.
  path: Assets/Scenes/SampleScene.unity
  artifactKey: Guid(99c9720ab356a0642a771bea13969a05) Importer(2089858483,b0f066a214c2f5e87bad3c948f4d605d)
Start importing Assets/Scenes/SampleScene.unity using Guid(99c9720ab356a0642a771bea13969a05) Importer(2089858483,b0f066a214c2f5e87bad3c948f4d605d) (ScriptedImporter) -> (artifact id: 'bdd0500172e6f64bf96f9b562f6ac1d5') in 0.044342 seconds
Number of updated asset objects reloaded before import = 0Number of asset objects unloaded after import = 1

========================================================================
Received Import Request.
  Time since last request: 0.000047 seconds.
  path: Assets/Terrain/Terrain_0_0_6e8dd375-81c0-43fc-95ac-e6403bcbdd6a.asset
  artifactKey: Guid(f55cbd54629b46e43bfc8586fa9fb75a) Importer(2089858483,b0f066a214c2f5e87bad3c948f4d605d)
Start importing Assets/Terrain/Terrain_0_0_6e8dd375-81c0-43fc-95ac-e6403bcbdd6a.asset using Guid(f55cbd54629b46e43bfc8586fa9fb75a) Importer(2089858483,b0f066a214c2f5e87bad3c948f4d605d) (ScriptedImporter) -> (artifact id: '37d58cc3e23732eefdfb0a6d39a92dab') in 0.0462975 seconds
Number of updated asset objects reloaded before import = 0Number of asset objects unloaded after import = 1

========================================================================
Received Import Request.
  Time since last request: 0.000032 seconds.
  path: Assets/my stuff/Iceberg/snow normal2.PNG
  artifactKey: Guid(c021a26d973eb3d40a869e5a24382aa6) Importer(2089858483,b0f066a214c2f5e87bad3c948f4d605d)
Start importing Assets/my stuff/Iceberg/snow normal2.PNG using Guid(c021a26d973eb3d40a869e5a24382aa6) Importer(2089858483,b0f066a214c2f5e87bad3c948f4d605d) (ScriptedImporter) -> (artifact id: '5347753afb7e79b16e520f0fad693ab1') in 0.0406593 seconds
Number of updated asset objects reloaded before import = 0Number of asset objects unloaded after import = 1

========================================================================
Received Import Request.
  Time since last request: 0.000083 seconds.
  path: Assets/my stuff/Iceberg/ice.mat
  artifactKey: Guid(aed246835b62cbe47b9e0dd74058cbd9) Importer(2089858483,b0f066a214c2f5e87bad3c948f4d605d)
Start importing Assets/my stuff/Iceberg/ice.mat using Guid(aed246835b62cbe47b9e0dd74058cbd9) Importer(2089858483,b0f066a214c2f5e87bad3c948f4d605d) (ScriptedImporter) -> (artifact id: '33eaa96fe693da947c709f7e9f694c79') in 0.0867631 seconds
Number of updated asset objects reloaded before import = 0Number of asset objects unloaded after import = 10

========================================================================
Received Import Request.
  Time since last request: 0.000062 seconds.
  path: Assets/NewBrush.brush
  artifactKey: Guid(1188a5fcd65836c45b51e22d674df280) Importer(2089858483,b0f066a214c2f5e87bad3c948f4d605d)
Start importing Assets/NewBrush.brush using Guid(1188a5fcd65836c45b51e22d674df280) Importer(2089858483,b0f066a214c2f5e87bad3c948f4d605d) (ScriptedImporter) -> (artifact id: '5cf2ada1c0a809514378baffaf9e5311') in 0.0573789 seconds
Number of updated asset objects reloaded before import = 0Number of asset objects unloaded after import = 1

========================================================================
Received Import Request.
  Time since last request: 0.000049 seconds.
  path: Assets/TerrainSampleAssets/Prefabs/Grass_B.prefab
  artifactKey: Guid(7b3e6db10d22f504dbc606110b2cb5e7) Importer(2089858483,b0f066a214c2f5e87bad3c948f4d605d)
Start importing Assets/TerrainSampleAssets/Prefabs/Grass_B.prefab using Guid(7b3e6db10d22f504dbc606110b2cb5e7) Importer(2089858483,b0f066a214c2f5e87bad3c948f4d605d) (ScriptedImporter)The file 'Assets/TerrainSampleAssets/Materials/Grass.asset' seems to have merge conflicts. Please open it in a text editor and fix the merge.
UnityEngine.Debug:ExtractStackTraceNoAlloc (byte*,int,string)
UnityEngine.StackTraceUtility:ExtractStackTrace ()
UnityEngine.Renderer:GetSharedMaterialArray ()
UnityEngine.Renderer:get_sharedMaterials ()
UnityEditor.Search.IndexerExtensions:IndexMeshRendererMaterials (UnityEditor.Search.CustomObjectIndexerTarget,UnityEditor.Search.ObjectIndexer)
UnityEditor.Search.ObjectIndexer:CallCustomIndexers (string,int,UnityEngine.Object,UnityEditor.SerializedObject,bool)
UnityEditor.Search.ObjectIndexer:IndexCustomProperties (string,int,UnityEngine.Object)
UnityEditor.Search.AssetIndexer:IndexCustomGameObjectProperties (string,int,UnityEngine.GameObject)
UnityEditor.Search.AssetIndexer:IndexProperties (int&,string&,bool&)
UnityEditor.Search.AssetIndexer:IndexDocument (string,bool)
UnityEditor.Search.SearchIndexArtifactImporter:OnImportAsset (UnityEditor.AssetImporters.AssetImportContext)
UnityEditor.AssetImporters.ScriptedImporter:GenerateAssetData (UnityEditor.AssetImporters.AssetImportContext)

[ line 0]

 -> (artifact id: '645f487c947f6f6f49a63e4edad98324') in 0.1111028 seconds
Number of updated asset objects reloaded before import = 0Number of asset objects unloaded after import = 7

========================================================================
Received Import Request.
  Time since last request: 0.000106 seconds.
  path: Assets/Terrain/Terrain_0_0_97d979e2-cf30-46c0-8411-9ad102cb60b9.asset
  artifactKey: Guid(7907de7596f716143a3c96d89a360c34) Importer(2089858483,b0f066a214c2f5e87bad3c948f4d605d)
Start importing Assets/Terrain/Terrain_0_0_97d979e2-cf30-46c0-8411-9ad102cb60b9.asset using Guid(7907de7596f716143a3c96d89a360c34) Importer(2089858483,b0f066a214c2f5e87bad3c948f4d605d) (ScriptedImporter) -> (artifact id: '04757d8b2b41e2526b6f09143d54149a') in 0.0502518 seconds
Number of updated asset objects reloaded before import = 0Number of asset objects unloaded after import = 1

========================================================================
Received Import Request.
  Time since last request: 0.000043 seconds.
  path: Assets/Terrain/Terrain_0_0_7ecc2cff-81f5-469d-8ade-f693f98e1143.asset
  artifactKey: Guid(1539008d57147484a915a15a3e7faba5) Importer(2089858483,b0f066a214c2f5e87bad3c948f4d605d)
Start importing Assets/Terrain/Terrain_0_0_7ecc2cff-81f5-469d-8ade-f693f98e1143.asset using Guid(1539008d57147484a915a15a3e7faba5) Importer(2089858483,b0f066a214c2f5e87bad3c948f4d605d) (ScriptedImporter) -> (artifact id: '6baf6e0292613bb086619907b5f033cf') in 0.0417464 seconds
Number of updated asset objects reloaded before import = 0Number of asset objects unloaded after import = 1

========================================================================
Received Import Request.
  Time since last request: 0.000038 seconds.
  path: Assets/Oculus Hands/Animations/r_hand_default_anim.fbx
  artifactKey: Guid(b6c38558987444240b3b3950e4450b77) Importer(2089858483,b0f066a214c2f5e87bad3c948f4d605d)
Start importing Assets/Oculus Hands/Animations/r_hand_default_anim.fbx using Guid(b6c38558987444240b3b3950e4450b77) Importer(2089858483,b0f066a214c2f5e87bad3c948f4d605d) (ScriptedImporter) -> (artifact id: '06a1abee9c6b5c258f19c0dc3a6e0689') in 0.0488952 seconds
Number of updated asset objects reloaded before import = 0Number of asset objects unloaded after import = 57

========================================================================
Received Import Request.
  Time since last request: 0.000091 seconds.
  path: Assets/Plugins/Android/mainTemplate.gradle.DISABLED
  artifactKey: Guid(7e34541679dcfe741825fa0303e97823) Importer(2089858483,b0f066a214c2f5e87bad3c948f4d605d)
Start importing Assets/Plugins/Android/mainTemplate.gradle.DISABLED using Guid(7e34541679dcfe741825fa0303e97823) Importer(2089858483,b0f066a214c2f5e87bad3c948f4d605d) (ScriptedImporter) -> (artifact id: '2fbddda1774dfb0305166db3f3935484') in 0.0430569 seconds
Number of updated asset objects reloaded before import = 0Number of asset objects unloaded after import = 1

========================================================================
Received Import Request.
  Time since last request: 0.000057 seconds.
  path: Assets/TerrainSampleAssets/Models/BushDry_A.asset
  artifactKey: Guid(3b8f934b79237034b816dfcc8369e9fb) Importer(2089858483,b0f066a214c2f5e87bad3c948f4d605d)
Start importing Assets/TerrainSampleAssets/Models/BushDry_A.asset using Guid(3b8f934b79237034b816dfcc8369e9fb) Importer(2089858483,b0f066a214c2f5e87bad3c948f4d605d) (ScriptedImporter) -> (artifact id: 'a6c03701ecb8af54a4189bc6ad86eaae') in 0.0343004 seconds
Number of updated asset objects reloaded before import = 0Number of asset objects unloaded after import = 1

========================================================================
Received Import Request.
  Time since last request: 0.000041 seconds.
  path: Assets/TerrainSampleAssets/Materials/BushDry.asset
  artifactKey: Guid(238ad6ea99d845f498c3a2334f75358a) Importer(2089858483,b0f066a214c2f5e87bad3c948f4d605d)
Start importing Assets/TerrainSampleAssets/Materials/BushDry.asset using Guid(238ad6ea99d845f498c3a2334f75358a) Importer(2089858483,b0f066a214c2f5e87bad3c948f4d605d) (ScriptedImporter)The file 'Assets/TerrainSampleAssets/Materials/BushDry.asset' seems to have merge conflicts. Please open it in a text editor and fix the merge.
UnityEngine.Debug:ExtractStackTraceNoAlloc (byte*,int,string)
UnityEngine.StackTraceUtility:ExtractStackTrace ()
UnityEditor.AssetDatabase:LoadMainAssetAtPath (string)
UnityEditor.Search.AssetIndexer:IndexProperties (int&,string&,bool&)
UnityEditor.Search.AssetIndexer:IndexDocument (string,bool)
UnityEditor.Search.SearchIndexArtifactImporter:OnImportAsset (UnityEditor.AssetImporters.AssetImportContext)
UnityEditor.AssetImporters.ScriptedImporter:GenerateAssetData (UnityEditor.AssetImporters.AssetImportContext)

[ line 0]

 -> (artifact id: 'e62b7d994021c02bde48ef9a137d32be') in 0.032816 seconds
Number of updated asset objects reloaded before import = 0Number of asset objects unloaded after import = 1

========================================================================
Received Import Request.
  Time since last request: 0.000036 seconds.
  path: Assets/Terrain/Terrain_0_0_99a7cba7-fa25-4e61-9dde-85cb74fae484.asset
  artifactKey: Guid(95fdd5f306c570b49883c917eb6628b1) Importer(2089858483,b0f066a214c2f5e87bad3c948f4d605d)
Start importing Assets/Terrain/Terrain_0_0_99a7cba7-fa25-4e61-9dde-85cb74fae484.asset using Guid(95fdd5f306c570b49883c917eb6628b1) Importer(2089858483,b0f066a214c2f5e87bad3c948f4d605d) (ScriptedImporter) -> (artifact id: '2aa130e49601693185da06b1fe38ff0a') in 0.0667076 seconds
Number of updated asset objects reloaded before import = 0Number of asset objects unloaded after import = 4

========================================================================
Received Import Request.
  Time since last request: 0.000632 seconds.
  path: Assets/TerrainSampleAssets/Materials/Grass_C.asset
  artifactKey: Guid(d3f698d8d13edc2478d19e143b436434) Importer(2089858483,b0f066a214c2f5e87bad3c948f4d605d)
Start importing Assets/TerrainSampleAssets/Materials/Grass_C.asset using Guid(d3f698d8d13edc2478d19e143b436434) Importer(2089858483,b0f066a214c2f5e87bad3c948f4d605d) (ScriptedImporter)The file 'Assets/TerrainSampleAssets/Materials/Grass_C.asset' seems to have merge conflicts. Please open it in a text editor and fix the merge.
UnityEngine.Debug:ExtractStackTraceNoAlloc (byte*,int,string)
UnityEngine.StackTraceUtility:ExtractStackTrace ()
UnityEditor.AssetDatabase:LoadMainAssetAtPath (string)
UnityEditor.Search.AssetIndexer:IndexProperties (int&,string&,bool&)
UnityEditor.Search.AssetIndexer:IndexDocument (string,bool)
UnityEditor.Search.SearchIndexArtifactImporter:OnImportAsset (UnityEditor.AssetImporters.AssetImportContext)
UnityEditor.AssetImporters.ScriptedImporter:GenerateAssetData (UnityEditor.AssetImporters.AssetImportContext)

[ line 0]

 -> (artifact id: '2123deed5e54f036c3dc53869d606a79') in 0.0768008 seconds
Number of updated asset objects reloaded before import = 0Number of asset objects unloaded after import = 1

========================================================================
Received Import Request.
  Time since last request: 0.000039 seconds.
  path: Assets/TerrainSampleAssets/Prefabs/Heather_B.prefab
  artifactKey: Guid(dd902ff2a6f685041be127af00c09664) Importer(2089858483,b0f066a214c2f5e87bad3c948f4d605d)
Start importing Assets/TerrainSampleAssets/Prefabs/Heather_B.prefab using Guid(dd902ff2a6f685041be127af00c09664) Importer(2089858483,b0f066a214c2f5e87bad3c948f4d605d) (ScriptedImporter)The file 'Assets/TerrainSampleAssets/Materials/Heather.asset' seems to have merge conflicts. Please open it in a text editor and fix the merge.
UnityEngine.Debug:ExtractStackTraceNoAlloc (byte*,int,string)
UnityEngine.StackTraceUtility:ExtractStackTrace ()
UnityEngine.Renderer:GetSharedMaterialArray ()
UnityEngine.Renderer:get_sharedMaterials ()
UnityEditor.Search.IndexerExtensions:IndexMeshRendererMaterials (UnityEditor.Search.CustomObjectIndexerTarget,UnityEditor.Search.ObjectIndexer)
UnityEditor.Search.ObjectIndexer:CallCustomIndexers (string,int,UnityEngine.Object,UnityEditor.SerializedObject,bool)
UnityEditor.Search.ObjectIndexer:IndexCustomProperties (string,int,UnityEngine.Object)
UnityEditor.Search.AssetIndexer:IndexCustomGameObjectProperties (string,int,UnityEngine.GameObject)
UnityEditor.Search.AssetIndexer:IndexProperties (int&,string&,bool&)
UnityEditor.Search.AssetIndexer:IndexDocument (string,bool)
UnityEditor.Search.SearchIndexArtifactImporter:OnImportAsset (UnityEditor.AssetImporters.AssetImportContext)
UnityEditor.AssetImporters.ScriptedImporter:GenerateAssetData (UnityEditor.AssetImporters.AssetImportContext)

[ line 0]

 -> (artifact id: '510ff889da5a67a1fdeae53e77eeafff') in 0.0508784 seconds
Number of updated asset objects reloaded before import = 0Number of asset objects unloaded after import = 7

========================================================================
Received Import Request.
  Time since last request: 0.000233 seconds.
  path: Assets/HDRPDefaultResources/HDRenderPipelineGlobalSettings.asset
  artifactKey: Guid(71f26932ea3c3b0408ba04d4f625963f) Importer(2089858483,b0f066a214c2f5e87bad3c948f4d605d)
Start importing Assets/HDRPDefaultResources/HDRenderPipelineGlobalSettings.asset using Guid(71f26932ea3c3b0408ba04d4f625963f) Importer(2089858483,b0f066a214c2f5e87bad3c948f4d605d) (ScriptedImporter) -> (artifact id: '98bd807e39f1af8937caef21daa948a7') in 5.9661134 seconds
Number of updated asset objects reloaded before import = 0Number of asset objects unloaded after import = 326

========================================================================
Received Import Request.
  Time since last request: 0.000071 seconds.
  path: Assets/TerrainSampleAssets/Models/Fern_A.asset
  artifactKey: Guid(2532d22dd52b5854189d40a50540b705) Importer(2089858483,b0f066a214c2f5e87bad3c948f4d605d)
Start importing Assets/TerrainSampleAssets/Models/Fern_A.asset using Guid(2532d22dd52b5854189d40a50540b705) Importer(2089858483,b0f066a214c2f5e87bad3c948f4d605d) (ScriptedImporter) -> (artifact id: '9441af8e72a802e9b5584c9b0ac1d3df') in 0.5474484 seconds
Number of updated asset objects reloaded before import = 0Number of asset objects unloaded after import = 1

========================================================================
Received Import Request.
  Time since last request: 0.000141 seconds.
  path: Assets/TerrainSampleAssets/Models/GrassDry_C.asset
  artifactKey: Guid(9a249c33299836d45ae597069d9324e2) Importer(2089858483,b0f066a214c2f5e87bad3c948f4d605d)
Start importing Assets/TerrainSampleAssets/Models/GrassDry_C.asset using Guid(9a249c33299836d45ae597069d9324e2) Importer(2089858483,b0f066a214c2f5e87bad3c948f4d605d) (ScriptedImporter) -> (artifact id: '9abc59d911ef75b1bbce48b7aa328047') in 0.4573679 seconds
Number of updated asset objects reloaded before import = 0Number of asset objects unloaded after import = 1

========================================================================
Received Import Request.
  Time since last request: 0.000026 seconds.
  path: Assets/TerrainSampleAssets/Prefabs/Grass_D.prefab
  artifactKey: Guid(4dfd50a1f648e984f8188be70774f281) Importer(2089858483,b0f066a214c2f5e87bad3c948f4d605d)
Start importing Assets/TerrainSampleAssets/Prefabs/Grass_D.prefab using Guid(4dfd50a1f648e984f8188be70774f281) Importer(2089858483,b0f066a214c2f5e87bad3c948f4d605d) (ScriptedImporter) -> (artifact id: '1e5dca45a28fc84ea135656b695fb220') in 0.3648678 seconds
Number of updated asset objects reloaded before import = 0Number of asset objects unloaded after import = 7

========================================================================
Received Import Request.
  Time since last request: 0.000191 seconds.
  path: Assets/TerrainSampleAssets/TerrainBrushes/Terrainstamp_Canyon01_Brush.brush
  artifactKey: Guid(9b1536174e1306f4eb016fe953e5a678) Importer(2089858483,b0f066a214c2f5e87bad3c948f4d605d)
Start importing Assets/TerrainSampleAssets/TerrainBrushes/Terrainstamp_Canyon01_Brush.brush using Guid(9b1536174e1306f4eb016fe953e5a678) Importer(2089858483,b0f066a214c2f5e87bad3c948f4d605d) (ScriptedImporter) -> (artifact id: '7f23fa46baaf1ab202755489efd3db28') in 0.3033278 seconds
Number of updated asset objects reloaded before import = 0Number of asset objects unloaded after import = 2

========================================================================
Received Import Request.
  Time since last request: 0.000045 seconds.
  path: Assets/TerrainSampleAssets/TerrainBrushes/Terrainstamp_Canyon02_Brush.brush
  artifactKey: Guid(7ddc1e59f6e82cc4693b55b0badb4aa3) Importer(2089858483,b0f066a214c2f5e87bad3c948f4d605d)
Start importing Assets/TerrainSampleAssets/TerrainBrushes/Terrainstamp_Canyon02_Brush.brush using Guid(7ddc1e59f6e82cc4693b55b0badb4aa3) Importer(2089858483,b0f066a214c2f5e87bad3c948f4d605d) (ScriptedImporter) -> (artifact id: '97c3d8ea9efb574ed6111f590dd0250e') in 0.0473381 seconds
Number of updated asset objects reloaded before import = 0Number of asset objects unloaded after import = 2

========================================================================
Received Import Request.
  Time since last request: 0.000052 seconds.
  path: Assets/TerrainSampleAssets/Prefabs/Bush_B.prefab
  artifactKey: Guid(b273de0d6e5818a4cb3195ce4f376ccb) Importer(2089858483,b0f066a214c2f5e87bad3c948f4d605d)
Start importing Assets/TerrainSampleAssets/Prefabs/Bush_B.prefab using Guid(b273de0d6e5818a4cb3195ce4f376ccb) Importer(2089858483,b0f066a214c2f5e87bad3c948f4d605d) (ScriptedImporter) -> (artifact id: '341df3ad644f4197719cf1e7a80f4d5a') in 0.0471976 seconds
Number of updated asset objects reloaded before import = 0Number of asset objects unloaded after import = 7

========================================================================
Received Import Request.
  Time since last request: 0.000069 seconds.
  path: Assets/TerrainSampleAssets/TerrainBrushes/Terrainstamp_Canyon04_Brush.brush
  artifactKey: Guid(dc670a42db363de40a6e6d9f231404ca) Importer(2089858483,b0f066a214c2f5e87bad3c948f4d605d)
Start importing Assets/TerrainSampleAssets/TerrainBrushes/Terrainstamp_Canyon04_Brush.brush using Guid(dc670a42db363de40a6e6d9f231404ca) Importer(2089858483,b0f066a214c2f5e87bad3c948f4d605d) (ScriptedImporter) -> (artifact id: '5e41597712f081fe8968308c1e4c028b') in 0.0368269 seconds
Number of updated asset objects reloaded before import = 0Number of asset objects unloaded after import = 2

========================================================================
Received Import Request.
  Time since last request: 0.000073 seconds.
  path: Assets/Terrain/Terrain_0_0_d02df825-267a-4b99-8a26-f73659adeb0d.asset
  artifactKey: Guid(379dfe85931f73f43a55d008d724f500) Importer(2089858483,b0f066a214c2f5e87bad3c948f4d605d)
Start importing Assets/Terrain/Terrain_0_0_d02df825-267a-4b99-8a26-f73659adeb0d.asset using Guid(379dfe85931f73f43a55d008d724f500) Importer(2089858483,b0f066a214c2f5e87bad3c948f4d605d) (ScriptedImporter) -> (artifact id: 'bf9b274d48913a08eb93e25b1ac69e49') in 0.3036456 seconds
Number of updated asset objects reloaded before import = 0Number of asset objects unloaded after import = 1

========================================================================
Received Import Request.
  Time since last request: 0.000042 seconds.
  path: Assets/Terrain/Terrain_0_0_a7bf35a7-e987-42be-88be-32ed60f6a9bb.asset
  artifactKey: Guid(845fb0a8db45de448ae36f0b1323f9b4) Importer(2089858483,b0f066a214c2f5e87bad3c948f4d605d)
Start importing Assets/Terrain/Terrain_0_0_a7bf35a7-e987-42be-88be-32ed60f6a9bb.asset using Guid(845fb0a8db45de448ae36f0b1323f9b4) Importer(2089858483,b0f066a214c2f5e87bad3c948f4d605d) (ScriptedImporter) -> (artifact id: '9c898a802112e18c6547f85cbca2c002') in 0.0425276 seconds
Number of updated asset objects reloaded before import = 0Number of asset objects unloaded after import = 1

========================================================================
Received Import Request.
  Time since last request: 0.000034 seconds.
  path: Assets/Terrain/Terrain_0_0_1090fd7e-bec3-422a-87be-3d9e12a1ae1c.asset
  artifactKey: Guid(d5f8a050f2a5d6c48be20b805945a6f5) Importer(2089858483,b0f066a214c2f5e87bad3c948f4d605d)
Start importing Assets/Terrain/Terrain_0_0_1090fd7e-bec3-422a-87be-3d9e12a1ae1c.asset using Guid(d5f8a050f2a5d6c48be20b805945a6f5) Importer(2089858483,b0f066a214c2f5e87bad3c948f4d605d) (ScriptedImporter) -> (artifact id: '2f865333bfcf9411a48f34cdd8cbb955') in 0.0446412 seconds
Number of updated asset objects reloaded before import = 0Number of asset objects unloaded after import = 1

========================================================================
Received Import Request.
  Time since last request: 0.000025 seconds.
  path: Assets/Oculus Hands/Models/l_hand_skeletal_lowres.fbx
  artifactKey: Guid(ca20b3907ff1c794cb89c1ad2cce8282) Importer(2089858483,b0f066a214c2f5e87bad3c948f4d605d)
Start importing Assets/Oculus Hands/Models/l_hand_skeletal_lowres.fbx using Guid(ca20b3907ff1c794cb89c1ad2cce8282) Importer(2089858483,b0f066a214c2f5e87bad3c948f4d605d) (ScriptedImporter) -> (artifact id: 'f5ffdd72e9f109b0ba7cee233c795870') in 6.8013561 seconds
Number of updated asset objects reloaded before import = 0Number of asset objects unloaded after import = 63

========================================================================
Received Import Request.
  Time since last request: 0.000126 seconds.
  path: Assets/HDRPDefaultResources/DefaultSettingsVolumeProfile.asset
  artifactKey: Guid(2c915750183f98b49a7e78ee9eac99af) Importer(2089858483,b0f066a214c2f5e87bad3c948f4d605d)
Start importing Assets/HDRPDefaultResources/DefaultSettingsVolumeProfile.asset using Guid(2c915750183f98b49a7e78ee9eac99af) Importer(2089858483,b0f066a214c2f5e87bad3c948f4d605d) (ScriptedImporter) -> (artifact id: 'b2b107143734894e4ff6d1d3a4e529b1') in 1.5271576 seconds
Number of updated asset objects reloaded before import = 0Number of asset objects unloaded after import = 19

========================================================================
Received Import Request.
  Time since last request: 0.000096 seconds.
  path: Assets/TutorialInfo/Layout.wlt
  artifactKey: Guid(eabc9546105bf4accac1fd62a63e88e6) Importer(2089858483,b0f066a214c2f5e87bad3c948f4d605d)
Start importing Assets/TutorialInfo/Layout.wlt using Guid(eabc9546105bf4accac1fd62a63e88e6) Importer(2089858483,b0f066a214c2f5e87bad3c948f4d605d) (ScriptedImporter) -> (artifact id: 'c8c9ff467641be6773bce493bd837c5d') in 0.8017046 seconds
Number of updated asset objects reloaded before import = 0Number of asset objects unloaded after import = 1

========================================================================
Received Import Request.
  Time since last request: 0.000077 seconds.
  path: Assets/TerrainSampleAssets/Prefabs/Fern_A.prefab
  artifactKey: Guid(6629880e46886724fa0107d3035304e6) Importer(2089858483,b0f066a214c2f5e87bad3c948f4d605d)
Start importing Assets/TerrainSampleAssets/Prefabs/Fern_A.prefab using Guid(6629880e46886724fa0107d3035304e6) Importer(2089858483,b0f066a214c2f5e87bad3c948f4d605d) (ScriptedImporter) -> (artifact id: 'b2f705c0d513cf8dc956701fd6098161') in 3.7666183 seconds
Number of updated asset objects reloaded before import = 0Number of asset objects unloaded after import = 7

========================================================================
Received Import Request.
  Time since last request: 0.000034 seconds.
  path: Assets/TerrainSampleAssets/TerrainBrushes/Terrainstamp_Hills02_Brush.brush
  artifactKey: Guid(f31e3331ec5f6954e8c6ac51cc3d8c79) Importer(2089858483,b0f066a214c2f5e87bad3c948f4d605d)
Start importing Assets/TerrainSampleAssets/TerrainBrushes/Terrainstamp_Hills02_Brush.brush using Guid(f31e3331ec5f6954e8c6ac51cc3d8c79) Importer(2089858483,b0f066a214c2f5e87bad3c948f4d605d) (ScriptedImporter) -> (artifact id: '6430d17df7424bdcfb427db8d0f9449c') in 3.6856913 seconds
Number of updated asset objects reloaded before import = 0Number of asset objects unloaded after import = 2

========================================================================
Received Import Request.
  Time since last request: 0.000100 seconds.
  path: Assets/my stuff/MoveUp.cs
  artifactKey: Guid(cc9e62868e460504896bef045a7c2d3e) Importer(2089858483,b0f066a214c2f5e87bad3c948f4d605d)
Start importing Assets/my stuff/MoveUp.cs using Guid(cc9e62868e460504896bef045a7c2d3e) Importer(2089858483,b0f066a214c2f5e87bad3c948f4d605d) (ScriptedImporter) -> (artifact id: '5afaeb5b10b9bf1c3ece2cc2fc9b4bd8') in 0.0455905 seconds
Number of updated asset objects reloaded before import = 0Number of asset objects unloaded after import = 0

========================================================================
Received Import Request.
  Time since last request: 0.000037 seconds.
  path: Assets/TerrainSampleAssets/Models/Bush_A.asset
  artifactKey: Guid(0c4301a6ce8e5964c8df62a78aca15d1) Importer(2089858483,b0f066a214c2f5e87bad3c948f4d605d)
Start importing Assets/TerrainSampleAssets/Models/Bush_A.asset using Guid(0c4301a6ce8e5964c8df62a78aca15d1) Importer(2089858483,b0f066a214c2f5e87bad3c948f4d605d) (ScriptedImporter) -> (artifact id: '00c5c98481c328a166b617cef76e558f') in 0.0813855 seconds
Number of updated asset objects reloaded before import = 0Number of asset objects unloaded after import = 1

========================================================================
Received Import Request.
  Time since last request: 0.000041 seconds.
  path: Assets/Settings/SampleSceneProfile.asset
  artifactKey: Guid(10fc4df2da32a41aaa32d77bc913491c) Importer(2089858483,b0f066a214c2f5e87bad3c948f4d605d)
Start importing Assets/Settings/SampleSceneProfile.asset using Guid(10fc4df2da32a41aaa32d77bc913491c) Importer(2089858483,b0f066a214c2f5e87bad3c948f4d605d) (ScriptedImporter) -> (artifact id: 'e67883ff8c99863f38e502279ef69958') in 0.3641106 seconds
Number of updated asset objects reloaded before import = 0Number of asset objects unloaded after import = 1

========================================================================
Received Import Request.
  Time since last request: 0.000086 seconds.
  path: Assets/TerrainSampleAssets/ThirdPartyNotices.txt
  artifactKey: Guid(408677bd09874114a90a745e08fd2112) Importer(2089858483,b0f066a214c2f5e87bad3c948f4d605d)
Start importing Assets/TerrainSampleAssets/ThirdPartyNotices.txt using Guid(408677bd09874114a90a745e08fd2112) Importer(2089858483,b0f066a214c2f5e87bad3c948f4d605d) (ScriptedImporter) -> (artifact id: '91c822556982ee3c17a901a3e2bc97d7') in 0.0891681 seconds
Number of updated asset objects reloaded before import = 0Number of asset objects unloaded after import = 1

========================================================================
Received Import Request.
  Time since last request: 0.000050 seconds.
  path: Assets/TerrainSampleAssets/TerrainBrushes/Terrainstamp_Mountain04_Brush.brush
  artifactKey: Guid(84399f7e9c8b199478532ded97f1ed9b) Importer(2089858483,b0f066a214c2f5e87bad3c948f4d605d)
Start importing Assets/TerrainSampleAssets/TerrainBrushes/Terrainstamp_Mountain04_Brush.brush using Guid(84399f7e9c8b199478532ded97f1ed9b) Importer(2089858483,b0f066a214c2f5e87bad3c948f4d605d) (ScriptedImporter) -> (artifact id: 'e540b5ddb81f7df558bc9626bf6e2199') in 0.059347 seconds
Number of updated asset objects reloaded before import = 0Number of asset objects unloaded after import = 2

========================================================================
Received Import Request.
  Time since last request: 0.000044 seconds.
  path: Assets/my stuff/Iceberg/movingSnow.shadergraph
  artifactKey: Guid(2a78618e2d93d774a9c046e1d6c9bc8c) Importer(2089858483,b0f066a214c2f5e87bad3c948f4d605d)
Start importing Assets/my stuff/Iceberg/movingSnow.shadergraph using Guid(2a78618e2d93d774a9c046e1d6c9bc8c) Importer(2089858483,b0f066a214c2f5e87bad3c948f4d605d) (ScriptedImporter) -> (artifact id: 'cc2a8790c7450556b24fe2afce2448fc') in 0.2112988 seconds
Number of updated asset objects reloaded before import = 0Number of asset objects unloaded after import = 6

========================================================================
Received Import Request.
  Time since last request: 0.000072 seconds.
  path: Assets/TerrainSampleAssets/Materials/Grass.asset
  artifactKey: Guid(fc123ab8f2eb56945b5849155624e2c0) Importer(2089858483,b0f066a214c2f5e87bad3c948f4d605d)
Start importing Assets/TerrainSampleAssets/Materials/Grass.asset using Guid(fc123ab8f2eb56945b5849155624e2c0) Importer(2089858483,b0f066a214c2f5e87bad3c948f4d605d) (ScriptedImporter) -> (artifact id: 'a2e0a39b8de8b3831e410566e3f3622d') in 0.1782073 seconds
Number of updated asset objects reloaded before import = 0Number of asset objects unloaded after import = 1

========================================================================
Received Import Request.
  Time since last request: 0.000038 seconds.
  path: Assets/TerrainSampleAssets/TerrainBrushes/Terrainstamp_Mountain07_Brush.brush
  artifactKey: Guid(6f360df90c5a57042ba4b09cb3249ffc) Importer(2089858483,b0f066a214c2f5e87bad3c948f4d605d)
Start importing Assets/TerrainSampleAssets/TerrainBrushes/Terrainstamp_Mountain07_Brush.brush using Guid(6f360df90c5a57042ba4b09cb3249ffc) Importer(2089858483,b0f066a214c2f5e87bad3c948f4d605d) (ScriptedImporter) -> (artifact id: '0b9b4eec829606a3590f728c31debb50') in 0.0810418 seconds
Number of updated asset objects reloaded before import = 0Number of asset objects unloaded after import = 2

========================================================================
Received Import Request.
  Time since last request: 0.000049 seconds.
  path: Assets/TerrainSampleAssets/Models/Grass_A.asset
  artifactKey: Guid(c8542799e804ef04eb35ba93777008a8) Importer(2089858483,b0f066a214c2f5e87bad3c948f4d605d)
Start importing Assets/TerrainSampleAssets/Models/Grass_A.asset using Guid(c8542799e804ef04eb35ba93777008a8) Importer(2089858483,b0f066a214c2f5e87bad3c948f4d605d) (ScriptedImporter) -> (artifact id: 'c4b9c811b8a4c7400c31f376696ea173') in 0.0319464 seconds
Number of updated asset objects reloaded before import = 0Number of asset objects unloaded after import = 1

========================================================================
Received Import Request.
  Time since last request: 0.000029 seconds.
  path: Assets/my stuff/GameMenuManager.cs
  artifactKey: Guid(1600ae31d719c294ea58bb04f98d6a0e) Importer(2089858483,b0f066a214c2f5e87bad3c948f4d605d)
Start importing Assets/my stuff/GameMenuManager.cs using Guid(1600ae31d719c294ea58bb04f98d6a0e) Importer(2089858483,b0f066a214c2f5e87bad3c948f4d605d) (ScriptedImporter) -> (artifact id: '45c74e313da20e4d6ea9c61fac09f397') in 0.0907969 seconds
Number of updated asset objects reloaded before import = 0Number of asset objects unloaded after import = 0

========================================================================
Received Import Request.
  Time since last request: 0.000037 seconds.
  path: Assets/TerrainSampleAssets/TerrainBrushes/Terrainstamp_Mountain02_Brush.brush
  artifactKey: Guid(8569f88df55a4b64b997e64b2aa69432) Importer(2089858483,b0f066a214c2f5e87bad3c948f4d605d)
Start importing Assets/TerrainSampleAssets/TerrainBrushes/Terrainstamp_Mountain02_Brush.brush using Guid(8569f88df55a4b64b997e64b2aa69432) Importer(2089858483,b0f066a214c2f5e87bad3c948f4d605d) (ScriptedImporter) -> (artifact id: '187ea1714fa0638ed402ee28f0fc0a8e') in 0.2069027 seconds
Number of updated asset objects reloaded before import = 0Number of asset objects unloaded after import = 2

========================================================================
Received Import Request.
  Time since last request: 0.000044 seconds.
  path: Assets/TerrainSampleAssets/TerrainBrushes/Terrainstamp_Mountain11_Brush.brush
  artifactKey: Guid(3a23908d07382b448b4dbd8adef2c4a0) Importer(2089858483,b0f066a214c2f5e87bad3c948f4d605d)
Start importing Assets/TerrainSampleAssets/TerrainBrushes/Terrainstamp_Mountain11_Brush.brush using Guid(3a23908d07382b448b4dbd8adef2c4a0) Importer(2089858483,b0f066a214c2f5e87bad3c948f4d605d) (ScriptedImporter) -> (artifact id: '1cd9b46d64b786c088658250f4081117') in 0.1529379 seconds
Number of updated asset objects reloaded before import = 0Number of asset objects unloaded after import = 2

========================================================================
Received Import Request.
  Time since last request: 0.000057 seconds.
  path: Assets/TerrainSampleAssets/TerrainBrushes/Terrainstamp_Plateau01_Brush.brush
  artifactKey: Guid(bb325d04c0ca0dd4a85a78892caa83fc) Importer(2089858483,b0f066a214c2f5e87bad3c948f4d605d)
Start importing Assets/TerrainSampleAssets/TerrainBrushes/Terrainstamp_Plateau01_Brush.brush using Guid(bb325d04c0ca0dd4a85a78892caa83fc) Importer(2089858483,b0f066a214c2f5e87bad3c948f4d605d) (ScriptedImporter) -> (artifact id: '0758001c55c7704e26d01209b0314111') in 0.6582068 seconds
Number of updated asset objects reloaded before import = 0Number of asset objects unloaded after import = 2

========================================================================
Received Import Request.
  Time since last request: 0.000067 seconds.
  path: Assets/TerrainSampleAssets/TerrainBrushes/Terrainstamp_Mountain10_Brush.brush
  artifactKey: Guid(a84a003f62212dd48b832a72ba178a49) Importer(2089858483,b0f066a214c2f5e87bad3c948f4d605d)
Start importing Assets/TerrainSampleAssets/TerrainBrushes/Terrainstamp_Mountain10_Brush.brush using Guid(a84a003f62212dd48b832a72ba178a49) Importer(2089858483,b0f066a214c2f5e87bad3c948f4d605d) (ScriptedImporter) -> (artifact id: '60d6aa3fbc00210b20ab71f590c8f81b') in 0.1079116 seconds
Number of updated asset objects reloaded before import = 0Number of asset objects unloaded after import = 2

========================================================================
Received Import Request.
  Time since last request: 0.000050 seconds.
  path: Assets/my stuff/Telepotation anchor material.mat
  artifactKey: Guid(5344efb1dc54d6f47944e14a5d60215f) Importer(2089858483,b0f066a214c2f5e87bad3c948f4d605d)
Start importing Assets/my stuff/Telepotation anchor material.mat using Guid(5344efb1dc54d6f47944e14a5d60215f) Importer(2089858483,b0f066a214c2f5e87bad3c948f4d605d) (ScriptedImporter) -> (artifact id: 'b10ece465727f04f75b3ab86f4e8800c') in 0.0425915 seconds
Number of updated asset objects reloaded before import = 0Number of asset objects unloaded after import = 2

========================================================================
Received Import Request.
  Time since last request: 0.000034 seconds.
  path: Assets/Settings/Mobile_RPAsset.asset
  artifactKey: Guid(5e6cbd92db86f4b18aec3ed561671858) Importer(2089858483,b0f066a214c2f5e87bad3c948f4d605d)
Start importing Assets/Settings/Mobile_RPAsset.asset using Guid(5e6cbd92db86f4b18aec3ed561671858) Importer(2089858483,b0f066a214c2f5e87bad3c948f4d605d) (ScriptedImporter) -> (artifact id: 'dfc58a0c7b71b7af11e31dbc793bfeda') in 0.4019705 seconds
Number of updated asset objects reloaded before import = 0Number of asset objects unloaded after import = 2

========================================================================
Received Import Request.
  Time since last request: 0.000048 seconds.
  path: Assets/TerrainSampleAssets/Materials/Heather.asset
  artifactKey: Guid(9ef29f7651a5050409fa9822d6d4f941) Importer(2089858483,b0f066a214c2f5e87bad3c948f4d605d)
Start importing Assets/TerrainSampleAssets/Materials/Heather.asset using Guid(9ef29f7651a5050409fa9822d6d4f941) Importer(2089858483,b0f066a214c2f5e87bad3c948f4d605d) (ScriptedImporter) -> (artifact id: '72e0e84358b2a0e9800309d967fec67f') in 0.0454404 seconds
Number of updated asset objects reloaded before import = 0Number of asset objects unloaded after import = 1

========================================================================
Received Import Request.
  Time since last request: 0.000035 seconds.
  path: Assets/TerrainSampleAssets/TerrainBrushes/Terrainstamp_Ridge03_Brush.brush
  artifactKey: Guid(7d08355cc5be1584f858af2f22f8bbbb) Importer(2089858483,b0f066a214c2f5e87bad3c948f4d605d)
Start importing Assets/TerrainSampleAssets/TerrainBrushes/Terrainstamp_Ridge03_Brush.brush using Guid(7d08355cc5be1584f858af2f22f8bbbb) Importer(2089858483,b0f066a214c2f5e87bad3c948f4d605d) (ScriptedImporter) -> (artifact id: '10afb012c3ce69c928aff38c05b00482') in 0.0577164 seconds
Number of updated asset objects reloaded before import = 0Number of asset objects unloaded after import = 2

========================================================================
Received Import Request.
  Time since last request: 0.000049 seconds.
  path: Assets/my stuff/Iceberg/SNOW.jpg
  artifactKey: Guid(dc0a3d1145fad144daea224d0793c4d1) Importer(2089858483,b0f066a214c2f5e87bad3c948f4d605d)
Start importing Assets/my stuff/Iceberg/SNOW.jpg using Guid(dc0a3d1145fad144daea224d0793c4d1) Importer(2089858483,b0f066a214c2f5e87bad3c948f4d605d) (ScriptedImporter) -> (artifact id: 'ac341542a00210b2cc721814cc934a73') in 0.0812635 seconds
Number of updated asset objects reloaded before import = 0Number of asset objects unloaded after import = 1

========================================================================
Received Import Request.
  Time since last request: 0.000043 seconds.
  path: Assets/TerrainSampleAssets/TerrainBrushes/Terrainstamp_Ridge04_Brush.brush
  artifactKey: Guid(913af1c64ea139348925340c09459a50) Importer(2089858483,b0f066a214c2f5e87bad3c948f4d605d)
Start importing Assets/TerrainSampleAssets/TerrainBrushes/Terrainstamp_Ridge04_Brush.brush using Guid(913af1c64ea139348925340c09459a50) Importer(2089858483,b0f066a214c2f5e87bad3c948f4d605d) (ScriptedImporter) -> (artifact id: '64674d75ee15a5d3c63c92614ec56666') in 0.1554235 seconds
Number of updated asset objects reloaded before import = 0Number of asset objects unloaded after import = 2

========================================================================
Received Import Request.
  Time since last request: 0.000176 seconds.
  path: Assets/TerrainSampleAssets/TerrainBrushes/Terrainstamp_Ridge05_Brush.brush
  artifactKey: Guid(014d61beb3975e849b26bc42fbf17b42) Importer(2089858483,b0f066a214c2f5e87bad3c948f4d605d)
Start importing Assets/TerrainSampleAssets/TerrainBrushes/Terrainstamp_Ridge05_Brush.brush using Guid(014d61beb3975e849b26bc42fbf17b42) Importer(2089858483,b0f066a214c2f5e87bad3c948f4d605d) (ScriptedImporter) -> (artifact id: '254fba91af444936ff198f8013122b0f') in 0.0708037 seconds
Number of updated asset objects reloaded before import = 0Number of asset objects unloaded after import = 2

========================================================================
Received Import Request.
  Time since last request: 0.001928 seconds.
  path: Assets/TerrainSampleAssets/TerrainBrushes/Terrainstamp_Ridgeedge01_Brush.brush
  artifactKey: Guid(b47c02079aebe594a94e62b833a0616b) Importer(2089858483,b0f066a214c2f5e87bad3c948f4d605d)
Start importing Assets/TerrainSampleAssets/TerrainBrushes/Terrainstamp_Ridgeedge01_Brush.brush using Guid(b47c02079aebe594a94e62b833a0616b) Importer(2089858483,b0f066a214c2f5e87bad3c948f4d605d) (ScriptedImporter) -> (artifact id: '450811bf30a7458de0f45651bf3c2cf2') in 0.0586974 seconds
Number of updated asset objects reloaded before import = 0Number of asset objects unloaded after import = 2

========================================================================
Received Import Request.
  Time since last request: 0.000064 seconds.
  path: Assets/TerrainSampleAssets/TerrainBrushes/Terrainstamp_Mountain08_Brush.brush
  artifactKey: Guid(f3ac69de155752e498f0f9864e41e7a1) Importer(2089858483,b0f066a214c2f5e87bad3c948f4d605d)
Start importing Assets/TerrainSampleAssets/TerrainBrushes/Terrainstamp_Mountain08_Brush.brush using Guid(f3ac69de155752e498f0f9864e41e7a1) Importer(2089858483,b0f066a214c2f5e87bad3c948f4d605d) (ScriptedImporter) -> (artifact id: '7f75dabc4ea2567468ecb240cedf9dc5') in 0.0984548 seconds
Number of updated asset objects reloaded before import = 0Number of asset objects unloaded after import = 2

========================================================================
Received Import Request.
  Time since last request: 0.000045 seconds.
  path: Assets/TerrainSampleAssets/TerrainBrushes/Terrainstamp_Slope01_Brush.brush
  artifactKey: Guid(d09f2ace661e1be4a8b5e60d52ab9e37) Importer(2089858483,b0f066a214c2f5e87bad3c948f4d605d)
Start importing Assets/TerrainSampleAssets/TerrainBrushes/Terrainstamp_Slope01_Brush.brush using Guid(d09f2ace661e1be4a8b5e60d52ab9e37) Importer(2089858483,b0f066a214c2f5e87bad3c948f4d605d) (ScriptedImporter) -> (artifact id: '0c302f16385b239a070830fbb61c314c') in 0.2435194 seconds
Number of updated asset objects reloaded before import = 0Number of asset objects unloaded after import = 2

========================================================================
Received Import Request.
  Time since last request: 0.000058 seconds.
  path: Assets/TerrainSampleAssets/TerrainBrushes/Terrainstamp_Slope02_Brush.brush
  artifactKey: Guid(6e325b7abaea45841a5bcb6c09fde762) Importer(2089858483,b0f066a214c2f5e87bad3c948f4d605d)
Start importing Assets/TerrainSampleAssets/TerrainBrushes/Terrainstamp_Slope02_Brush.brush using Guid(6e325b7abaea45841a5bcb6c09fde762) Importer(2089858483,b0f066a214c2f5e87bad3c948f4d605d) (ScriptedImporter) -> (artifact id: '4a92636ebac293c98f3de7b847d84574') in 0.0495269 seconds
Number of updated asset objects reloaded before import = 0Number of asset objects unloaded after import = 2

========================================================================
Received Import Request.
  Time since last request: 0.000041 seconds.
  path: Assets/TerrainSampleAssets/TerrainBrushes/Terrainstamp_Slope03_Brush.brush
  artifactKey: Guid(4bbbe659961263d4390b9322f0328fe0) Importer(2089858483,b0f066a214c2f5e87bad3c948f4d605d)
Start importing Assets/TerrainSampleAssets/TerrainBrushes/Terrainstamp_Slope03_Brush.brush using Guid(4bbbe659961263d4390b9322f0328fe0) Importer(2089858483,b0f066a214c2f5e87bad3c948f4d605d) (ScriptedImporter) -> (artifact id: '3ae65bc2866195be7c170b4b24b654da') in 0.0546756 seconds
Number of updated asset objects reloaded before import = 0Number of asset objects unloaded after import = 2

========================================================================
Received Import Request.
  Time since last request: 0.000044 seconds.
  path: Assets/my stuff/Readme.asset
  artifactKey: Guid(8105016687592461f977c054a80ce2f2) Importer(2089858483,b0f066a214c2f5e87bad3c948f4d605d)
Start importing Assets/my stuff/Readme.asset using Guid(8105016687592461f977c054a80ce2f2) Importer(2089858483,b0f066a214c2f5e87bad3c948f4d605d) (ScriptedImporter) -> (artifact id: 'fac332044ab7942eea44e0e5e461e0ce') in 0.2943481 seconds
Number of updated asset objects reloaded before import = 0Number of asset objects unloaded after import = 2

========================================================================
Received Import Request.
  Time since last request: 0.000042 seconds.
  path: Assets/TerrainSampleAssets/TerrainBrushes/Terrainstamp_Softpeaks01_Brush.brush
  artifactKey: Guid(7eae67bc3f75e02478ed0f5c2d4498cf) Importer(2089858483,b0f066a214c2f5e87bad3c948f4d605d)
Start importing Assets/TerrainSampleAssets/TerrainBrushes/Terrainstamp_Softpeaks01_Brush.brush using Guid(7eae67bc3f75e02478ed0f5c2d4498cf) Importer(2089858483,b0f066a214c2f5e87bad3c948f4d605d) (ScriptedImporter) -> (artifact id: 'fb1c24538b96137314f330a27cb855a1') in 0.0372224 seconds
Number of updated asset objects reloaded before import = 0Number of asset objects unloaded after import = 2

========================================================================
Received Import Request.
  Time since last request: 0.000049 seconds.
  path: Assets/TerrainSampleAssets/TerrainBrushes/Terrainstamp_Volcano01_Brush.brush
  artifactKey: Guid(e5a2f11e9d7a4da4caf17b3e59800215) Importer(2089858483,b0f066a214c2f5e87bad3c948f4d605d)
Start importing Assets/TerrainSampleAssets/TerrainBrushes/Terrainstamp_Volcano01_Brush.brush using Guid(e5a2f11e9d7a4da4caf17b3e59800215) Importer(2089858483,b0f066a214c2f5e87bad3c948f4d605d) (ScriptedImporter) -> (artifact id: '783d0b82836c4899679e2f7e797c02bc') in 0.6610723 seconds
Number of updated asset objects reloaded before import = 0Number of asset objects unloaded after import = 2

========================================================================
Received Import Request.
  Time since last request: 0.000040 seconds.
  path: Assets/TerrainSampleAssets/Models/Plant_B.asset
  artifactKey: Guid(97025d35e5b57294f92451cbaf836c12) Importer(2089858483,b0f066a214c2f5e87bad3c948f4d605d)
Start importing Assets/TerrainSampleAssets/Models/Plant_B.asset using Guid(97025d35e5b57294f92451cbaf836c12) Importer(2089858483,b0f066a214c2f5e87bad3c948f4d605d) (ScriptedImporter) -> (artifact id: '737e7a3ca1a39d4d3a2275c015860863') in 0.4969597 seconds
Number of updated asset objects reloaded before import = 0Number of asset objects unloaded after import = 1

========================================================================
Received Import Request.
  Time since last request: 0.000047 seconds.
  path: Assets/TerrainSampleAssets/TerrainLayers/Black_Sand_TerrainLayer.terrainlayer
  artifactKey: Guid(ce833e94f7f7eea468b012546444cf0c) Importer(2089858483,b0f066a214c2f5e87bad3c948f4d605d)
Start importing Assets/TerrainSampleAssets/TerrainLayers/Black_Sand_TerrainLayer.terrainlayer using Guid(ce833e94f7f7eea468b012546444cf0c) Importer(2089858483,b0f066a214c2f5e87bad3c948f4d605d) (ScriptedImporter) -> (artifact id: 'aea69b33d23169273f469935d61c3619') in 0.1262368 seconds
Number of updated asset objects reloaded before import = 0Number of asset objects unloaded after import = 4

========================================================================
Received Import Request.
  Time since last request: 0.000051 seconds.
  path: Assets/TerrainSampleAssets/TerrainBrushes/Terrainstamp_Crackedground02_Brush.brush
  artifactKey: Guid(61e8c4f14d0453448b7e510f7f96990c) Importer(2089858483,b0f066a214c2f5e87bad3c948f4d605d)
Start importing Assets/TerrainSampleAssets/TerrainBrushes/Terrainstamp_Crackedground02_Brush.brush using Guid(61e8c4f14d0453448b7e510f7f96990c) Importer(2089858483,b0f066a214c2f5e87bad3c948f4d605d) (ScriptedImporter) -> (artifact id: 'ae3ad33bf23f5f46a4ec0989385d8149') in 0.0397672 seconds
Number of updated asset objects reloaded before import = 0Number of asset objects unloaded after import = 2

========================================================================
Received Import Request.
  Time since last request: 0.000049 seconds.
  path: Assets/TerrainSampleAssets/Models/Plant_A.asset
  artifactKey: Guid(d427b65f0342fe84fa77dabe420757ee) Importer(2089858483,b0f066a214c2f5e87bad3c948f4d605d)
Start importing Assets/TerrainSampleAssets/Models/Plant_A.asset using Guid(d427b65f0342fe84fa77dabe420757ee) Importer(2089858483,b0f066a214c2f5e87bad3c948f4d605d) (ScriptedImporter) -> (artifact id: 'e6aaadce24fb81fbe6efea8439d42354') in 0.0405226 seconds
Number of updated asset objects reloaded before import = 0Number of asset objects unloaded after import = 1

========================================================================
Received Import Request.
  Time since last request: 0.000023 seconds.
  path: Assets/TerrainSampleAssets/TerrainLayers/Grass_A_TerrainLayer.terrainlayer
  artifactKey: Guid(130d104513b29bd44ae9c5b3915f4134) Importer(2089858483,b0f066a214c2f5e87bad3c948f4d605d)
Start importing Assets/TerrainSampleAssets/TerrainLayers/Grass_A_TerrainLayer.terrainlayer using Guid(130d104513b29bd44ae9c5b3915f4134) Importer(2089858483,b0f066a214c2f5e87bad3c948f4d605d) (ScriptedImporter) -> (artifact id: '2277f6b2e3dec6136ec7a576ce893fcf') in 0.1123117 seconds
Number of updated asset objects reloaded before import = 0Number of asset objects unloaded after import = 4

========================================================================
Received Import Request.
  Time since last request: 0.000064 seconds.
  path: Assets/TerrainSampleAssets/README.pdf
  artifactKey: Guid(19f8f1dbc6e0e2a45aa2e518452ffa62) Importer(2089858483,b0f066a214c2f5e87bad3c948f4d605d)
Start importing Assets/TerrainSampleAssets/README.pdf using Guid(19f8f1dbc6e0e2a45aa2e518452ffa62) Importer(2089858483,b0f066a214c2f5e87bad3c948f4d605d) (ScriptedImporter) -> (artifact id: 'dbc3a27583d7587fcb81ade2af304703') in 0.0280696 seconds
Number of updated asset objects reloaded before import = 0Number of asset objects unloaded after import = 1

========================================================================
Received Import Request.
  Time since last request: 0.000034 seconds.
  path: Assets/_Recovery/0 (1).unity
  artifactKey: Guid(3f909273db2628f43a8720e8405e6b33) Importer(2089858483,b0f066a214c2f5e87bad3c948f4d605d)
Start importing Assets/_Recovery/0 (1).unity using Guid(3f909273db2628f43a8720e8405e6b33) Importer(2089858483,b0f066a214c2f5e87bad3c948f4d605d) (ScriptedImporter) -> (artifact id: 'a2afe9e6270179c436a3e01032c8b26e') in 0.0523611 seconds
Number of updated asset objects reloaded before import = 0Number of asset objects unloaded after import = 1

========================================================================
Received Import Request.
  Time since last request: 0.000056 seconds.
  path: Assets/TerrainSampleAssets/Prefabs/Plant_B.prefab
  artifactKey: Guid(0a701dc0b49cb264c88918e012866821) Importer(2089858483,b0f066a214c2f5e87bad3c948f4d605d)
Start importing Assets/TerrainSampleAssets/Prefabs/Plant_B.prefab using Guid(0a701dc0b49cb264c88918e012866821) Importer(2089858483,b0f066a214c2f5e87bad3c948f4d605d) (ScriptedImporter) -> (artifact id: '94b7f7afc0f278fcd29ab328852616a4') in 0.0471655 seconds
Number of updated asset objects reloaded before import = 0Number of asset objects unloaded after import = 7

========================================================================
Received Import Request.
  Time since last request: 0.000043 seconds.
  path: Assets/TerrainSampleAssets/TerrainLayers/Heather_TerrainLayer.terrainlayer
  artifactKey: Guid(795e383430200a14bb52726e97a0e7f4) Importer(2089858483,b0f066a214c2f5e87bad3c948f4d605d)
Start importing Assets/TerrainSampleAssets/TerrainLayers/Heather_TerrainLayer.terrainlayer using Guid(795e383430200a14bb52726e97a0e7f4) Importer(2089858483,b0f066a214c2f5e87bad3c948f4d605d) (ScriptedImporter) -> (artifact id: '4935956d2c420c44f502732dd85aebed') in 0.1399889 seconds
Number of updated asset objects reloaded before import = 0Number of asset objects unloaded after import = 4

========================================================================
Received Import Request.
  Time since last request: 0.000447 seconds.
  path: Assets/TerrainSampleAssets/TerrainLayers/Grass_Moss_TerrainLayer.terrainlayer
  artifactKey: Guid(d25c8def728088547ae6a1024dd9b481) Importer(2089858483,b0f066a214c2f5e87bad3c948f4d605d)
Start importing Assets/TerrainSampleAssets/TerrainLayers/Grass_Moss_TerrainLayer.terrainlayer using Guid(d25c8def728088547ae6a1024dd9b481) Importer(2089858483,b0f066a214c2f5e87bad3c948f4d605d) (ScriptedImporter) -> (artifact id: '9d254b23c5246eace97e9790c4952e1c') in 0.0681959 seconds
Number of updated asset objects reloaded before import = 0Number of asset objects unloaded after import = 4

========================================================================
Received Import Request.
  Time since last request: 0.000079 seconds.
  path: Assets/Settings/DefaultVolumeProfile.asset
  artifactKey: Guid(ab09877e2e707104187f6f83e2f62510) Importer(2089858483,b0f066a214c2f5e87bad3c948f4d605d)
Start importing Assets/Settings/DefaultVolumeProfile.asset using Guid(ab09877e2e707104187f6f83e2f62510) Importer(2089858483,b0f066a214c2f5e87bad3c948f4d605d) (ScriptedImporter) -> (artifact id: '18685dbaa95317b6168f4a159c97ef76') in 0.0341623 seconds
Number of updated asset objects reloaded before import = 0Number of asset objects unloaded after import = 0

========================================================================
Received Import Request.
  Time since last request: 0.000045 seconds.
  path: Assets/TerrainSampleAssets/TerrainLayers/Pebbles_B_TerrainLayer.terrainlayer
  artifactKey: Guid(d1685375fd84e62439c572449faa4657) Importer(2089858483,b0f066a214c2f5e87bad3c948f4d605d)
Start importing Assets/TerrainSampleAssets/TerrainLayers/Pebbles_B_TerrainLayer.terrainlayer using Guid(d1685375fd84e62439c572449faa4657) Importer(2089858483,b0f066a214c2f5e87bad3c948f4d605d) (ScriptedImporter) -> (artifact id: 'e058e68e89de34256e0d683f4a8620eb') in 0.1008402 seconds
Number of updated asset objects reloaded before import = 0Number of asset objects unloaded after import = 4

========================================================================
Received Import Request.
  Time since last request: 0.000041 seconds.
  path: Assets/TerrainSampleAssets/TerrainLayers/Pebbles_A_TerrainLayer.terrainlayer
  artifactKey: Guid(a4f389caed25e6241b38ba88a286c911) Importer(2089858483,b0f066a214c2f5e87bad3c948f4d605d)
Start importing Assets/TerrainSampleAssets/TerrainLayers/Pebbles_A_TerrainLayer.terrainlayer using Guid(a4f389caed25e6241b38ba88a286c911) Importer(2089858483,b0f066a214c2f5e87bad3c948f4d605d) (ScriptedImporter) -> (artifact id: '84ab1db0b4dc2a1c0b6db7f51c0d7daf') in 0.8800895 seconds
Number of updated asset objects reloaded before import = 0Number of asset objects unloaded after import = 4

========================================================================
Received Import Request.
  Time since last request: 0.000061 seconds.
  path: Assets/TerrainSampleAssets/TerrainBrushes/Terrainstamp_Mountain03_Brush.brush
  artifactKey: Guid(f11a285f166a0f6499471bc2b3deaefb) Importer(2089858483,b0f066a214c2f5e87bad3c948f4d605d)
Start importing Assets/TerrainSampleAssets/TerrainBrushes/Terrainstamp_Mountain03_Brush.brush using Guid(f11a285f166a0f6499471bc2b3deaefb) Importer(2089858483,b0f066a214c2f5e87bad3c948f4d605d) (ScriptedImporter) -> (artifact id: '14e954ee09be2de79c6db8b7965581b5') in 0.0483103 seconds
Number of updated asset objects reloaded before import = 0Number of asset objects unloaded after import = 2

========================================================================
Received Import Request.
  Time since last request: 0.000107 seconds.
  path: Assets/Oculus Hands/Models/r_hand_skeletal_lowres.fbx
  artifactKey: Guid(d0c255d07fd68f14b94e55d388e7e6bb) Importer(2089858483,b0f066a214c2f5e87bad3c948f4d605d)
Start importing Assets/Oculus Hands/Models/r_hand_skeletal_lowres.fbx using Guid(d0c255d07fd68f14b94e55d388e7e6bb) Importer(2089858483,b0f066a214c2f5e87bad3c948f4d605d) (ScriptedImporter) -> (artifact id: '8afa04b62c291874d55846c817a939c5') in 0.0848132 seconds
Number of updated asset objects reloaded before import = 0Number of asset objects unloaded after import = 63

========================================================================
Received Import Request.
  Time since last request: 0.000079 seconds.
  path: Assets/TerrainSampleAssets/TerrainLayers/Snow_TerrainLayer.terrainlayer
  artifactKey: Guid(59b98ca43f27d8c4a89d4058d2a962e5) Importer(2089858483,b0f066a214c2f5e87bad3c948f4d605d)
Start importing Assets/TerrainSampleAssets/TerrainLayers/Snow_TerrainLayer.terrainlayer using Guid(59b98ca43f27d8c4a89d4058d2a962e5) Importer(2089858483,b0f066a214c2f5e87bad3c948f4d605d) (ScriptedImporter) -> (artifact id: '838d09e75d794fb716edc919eaaefb13') in 0.0709376 seconds
Number of updated asset objects reloaded before import = 0Number of asset objects unloaded after import = 4

========================================================================
Received Import Request.
  Time since last request: 0.000074 seconds.
  path: Assets/TerrainSampleAssets/Prefabs/BushDry_A.prefab
  artifactKey: Guid(176a42107ce66c44aa74a67424591597) Importer(2089858483,b0f066a214c2f5e87bad3c948f4d605d)
Start importing Assets/TerrainSampleAssets/Prefabs/BushDry_A.prefab using Guid(176a42107ce66c44aa74a67424591597) Importer(2089858483,b0f066a214c2f5e87bad3c948f4d605d) (ScriptedImporter) -> (artifact id: '92b27c3f3a9ae5cfac97325b592bf3fc') in 0.55499 seconds
Number of updated asset objects reloaded before import = 0Number of asset objects unloaded after import = 7

========================================================================
Received Import Request.
  Time since last request: 0.000055 seconds.
  path: Assets/TerrainSampleAssets/TerrainLayers/Grass_B_TerrainLayer.terrainlayer
  artifactKey: Guid(bd1fcb10d2c5b5d4ba6e01a34e4735be) Importer(2089858483,b0f066a214c2f5e87bad3c948f4d605d)
Start importing Assets/TerrainSampleAssets/TerrainLayers/Grass_B_TerrainLayer.terrainlayer using Guid(bd1fcb10d2c5b5d4ba6e01a34e4735be) Importer(2089858483,b0f066a214c2f5e87bad3c948f4d605d) (ScriptedImporter) -> (artifact id: 'a491565de00ec15986ccd6a04a382fba') in 0.1235286 seconds
Number of updated asset objects reloaded before import = 0Number of asset objects unloaded after import = 4

========================================================================
Received Import Request.
  Time since last request: 0.000041 seconds.
  path: Assets/Oculus Hands/Animations/r_hand_pinch_anim.fbx
  artifactKey: Guid(165871bb4fa915847973b6955c7a670d) Importer(2089858483,b0f066a214c2f5e87bad3c948f4d605d)
Start importing Assets/Oculus Hands/Animations/r_hand_pinch_anim.fbx using Guid(165871bb4fa915847973b6955c7a670d) Importer(2089858483,b0f066a214c2f5e87bad3c948f4d605d) (ScriptedImporter) -> (artifact id: '42cc7e87817408fdaab1399d2a775a33') in 0.0963056 seconds
Number of updated asset objects reloaded before import = 0Number of asset objects unloaded after import = 57

========================================================================
Received Import Request.
  Time since last request: 0.000053 seconds.
  path: Assets/Oculus Hands/Prefabs/Right Hand Model.prefab
  artifactKey: Guid(1fd3a7c43c8190f4d8c167ebde694364) Importer(2089858483,b0f066a214c2f5e87bad3c948f4d605d)
Start importing Assets/Oculus Hands/Prefabs/Right Hand Model.prefab using Guid(1fd3a7c43c8190f4d8c167ebde694364) Importer(2089858483,b0f066a214c2f5e87bad3c948f4d605d) (ScriptedImporter) -> (artifact id: 'c7fc7b0a775c131a37052ed73586c132') in 3.4476565 seconds
Number of updated asset objects reloaded before import = 0Number of asset objects unloaded after import = 69

========================================================================
Received Import Request.
  Time since last request: 0.000180 seconds.
  path: Assets/my stuff/collors/Red.mat
  artifactKey: Guid(b60283f3db5bf174aa6239f249d8038f) Importer(2089858483,b0f066a214c2f5e87bad3c948f4d605d)
Start importing Assets/my stuff/collors/Red.mat using Guid(b60283f3db5bf174aa6239f249d8038f) Importer(2089858483,b0f066a214c2f5e87bad3c948f4d605d) (ScriptedImporter) -> (artifact id: '968d07a1685006cc0a7934893248d09f') in 0.0538376 seconds
Number of updated asset objects reloaded before import = 0Number of asset objects unloaded after import = 1

========================================================================
Received Import Request.
  Time since last request: 0.000120 seconds.
  path: Assets/TextMesh Pro/Fonts/LiberationSans - OFL.txt
  artifactKey: Guid(6e59c59b81ab47f9b6ec5781fa725d2c) Importer(2089858483,b0f066a214c2f5e87bad3c948f4d605d)
Start importing Assets/TextMesh Pro/Fonts/LiberationSans - OFL.txt using Guid(6e59c59b81ab47f9b6ec5781fa725d2c) Importer(2089858483,b0f066a214c2f5e87bad3c948f4d605d) (ScriptedImporter) -> (artifact id: '7f7ef60f3f5e915beed9dc6cae004892') in 0.0811822 seconds
Number of updated asset objects reloaded before import = 0Number of asset objects unloaded after import = 1

========================================================================
Received Import Request.
  Time since last request: 0.000033 seconds.
  path: Assets/TerrainSampleAssets/Prefabs/GrassDry_C.prefab
  artifactKey: Guid(8aa8def6286fc784ba128570ec475974) Importer(2089858483,b0f066a214c2f5e87bad3c948f4d605d)
Start importing Assets/TerrainSampleAssets/Prefabs/GrassDry_C.prefab using Guid(8aa8def6286fc784ba128570ec475974) Importer(2089858483,b0f066a214c2f5e87bad3c948f4d605d) (ScriptedImporter)The file 'Assets/TerrainSampleAssets/Materials/GrassDry.asset' seems to have merge conflicts. Please open it in a text editor and fix the merge.
UnityEngine.Debug:ExtractStackTraceNoAlloc (byte*,int,string)
UnityEngine.StackTraceUtility:ExtractStackTrace ()
UnityEngine.Renderer:GetSharedMaterialArray ()
UnityEngine.Renderer:get_sharedMaterials ()
UnityEditor.Search.IndexerExtensions:IndexMeshRendererMaterials (UnityEditor.Search.CustomObjectIndexerTarget,UnityEditor.Search.ObjectIndexer)
UnityEditor.Search.ObjectIndexer:CallCustomIndexers (string,int,UnityEngine.Object,UnityEditor.SerializedObject,bool)
UnityEditor.Search.ObjectIndexer:IndexCustomProperties (string,int,UnityEngine.Object)
UnityEditor.Search.AssetIndexer:IndexCustomGameObjectProperties (string,int,UnityEngine.GameObject)
UnityEditor.Search.AssetIndexer:IndexProperties (int&,string&,bool&)
UnityEditor.Search.AssetIndexer:IndexDocument (string,bool)
UnityEditor.Search.SearchIndexArtifactImporter:OnImportAsset (UnityEditor.AssetImporters.AssetImportContext)
UnityEditor.AssetImporters.ScriptedImporter:GenerateAssetData (UnityEditor.AssetImporters.AssetImportContext)

[ line 0]

 -> (artifact id: '88af1a719290a01892f630bc4b6074b1') in 0.0718172 seconds
Number of updated asset objects reloaded before import = 0Number of asset objects unloaded after import = 7

========================================================================
Received Import Request.
  Time since last request: 0.000056 seconds.
  path: Assets/TerrainSampleAssets/Prefabs/Plant_D.prefab
  artifactKey: Guid(8569bec78272c564ab74ca5b8a4762f1) Importer(2089858483,b0f066a214c2f5e87bad3c948f4d605d)
Start importing Assets/TerrainSampleAssets/Prefabs/Plant_D.prefab using Guid(8569bec78272c564ab74ca5b8a4762f1) Importer(2089858483,b0f066a214c2f5e87bad3c948f4d605d) (ScriptedImporter) -> (artifact id: '7f15bda2098e4e971534a9a23cf4dbc6') in 0.4400859 seconds
Number of updated asset objects reloaded before import = 0Number of asset objects unloaded after import = 7

========================================================================
Received Import Request.
  Time since last request: 0.000041 seconds.
  path: Assets/TerrainSampleAssets/TerrainLayers/Muddy_TerrainLayer.terrainlayer
  artifactKey: Guid(091511b8c4f042c4082a4d5af73e92c7) Importer(2089858483,b0f066a214c2f5e87bad3c948f4d605d)
Start importing Assets/TerrainSampleAssets/TerrainLayers/Muddy_TerrainLayer.terrainlayer using Guid(091511b8c4f042c4082a4d5af73e92c7) Importer(2089858483,b0f066a214c2f5e87bad3c948f4d605d) (ScriptedImporter) -> (artifact id: 'abfcc239433248cafbba954c0941a0ce') in 0.136421 seconds
Number of updated asset objects reloaded before import = 0Number of asset objects unloaded after import = 4

========================================================================
Received Import Request.
  Time since last request: 0.000063 seconds.
  path: Assets/TerrainSampleAssets/Prefabs/Plant_A.prefab
  artifactKey: Guid(6d6ea10f03c4d7245a66d6515bf1bc6d) Importer(2089858483,b0f066a214c2f5e87bad3c948f4d605d)
Start importing Assets/TerrainSampleAssets/Prefabs/Plant_A.prefab using Guid(6d6ea10f03c4d7245a66d6515bf1bc6d) Importer(2089858483,b0f066a214c2f5e87bad3c948f4d605d) (ScriptedImporter) -> (artifact id: '6cf67240f5609293702e1e4bd8232f09') in 0.1170034 seconds
Number of updated asset objects reloaded before import = 0Number of asset objects unloaded after import = 7

========================================================================
Received Import Request.
  Time since last request: 0.000046 seconds.
  path: Assets/TextMesh Pro/Shaders/TMPro_Properties.cginc
  artifactKey: Guid(3997e2241185407d80309a82f9148466) Importer(2089858483,b0f066a214c2f5e87bad3c948f4d605d)
Start importing Assets/TextMesh Pro/Shaders/TMPro_Properties.cginc using Guid(3997e2241185407d80309a82f9148466) Importer(2089858483,b0f066a214c2f5e87bad3c948f4d605d) (ScriptedImporter) -> (artifact id: 'f02d43c89c09c95b929d5d8545f21019') in 0.0486187 seconds
Number of updated asset objects reloaded before import = 0Number of asset objects unloaded after import = 1

========================================================================
Received Import Request.
  Time since last request: 0.000072 seconds.
  path: Assets/TextMesh Pro/Shaders/TMPro_Mobile.cginc
  artifactKey: Guid(c334973cef89a9840b0b0c507e0377ab) Importer(2089858483,b0f066a214c2f5e87bad3c948f4d605d)
Start importing Assets/TextMesh Pro/Shaders/TMPro_Mobile.cginc using Guid(c334973cef89a9840b0b0c507e0377ab) Importer(2089858483,b0f066a214c2f5e87bad3c948f4d605d) (ScriptedImporter) -> (artifact id: '831bf4cc28eabed8b8cfe6cc091cdbfa') in 1.3976664 seconds
Number of updated asset objects reloaded before import = 0Number of asset objects unloaded after import = 1

========================================================================
Received Import Request.
  Time since last request: 0.000073 seconds.
  path: Assets/Settings/PC_Renderer.asset
  artifactKey: Guid(f288ae1f4751b564a96ac7587541f7a2) Importer(2089858483,b0f066a214c2f5e87bad3c948f4d605d)
Start importing Assets/Settings/PC_Renderer.asset using Guid(f288ae1f4751b564a96ac7587541f7a2) Importer(2089858483,b0f066a214c2f5e87bad3c948f4d605d) (ScriptedImporter) -> (artifact id: '9076013c245b6cc36d1cbd1eb621103a') in 0.2409045 seconds
Number of updated asset objects reloaded before import = 0Number of asset objects unloaded after import = 1

========================================================================
Received Import Request.
  Time since last request: 0.000247 seconds.
  path: Assets/Terrain/Terrain_1_1_de0b0e14-6f66-4120-85cd-e66bc564ed58.asset
  artifactKey: Guid(5dd315ee762123043b8bd6129583f43c) Importer(2089858483,b0f066a214c2f5e87bad3c948f4d605d)
Start importing Assets/Terrain/Terrain_1_1_de0b0e14-6f66-4120-85cd-e66bc564ed58.asset using Guid(5dd315ee762123043b8bd6129583f43c) Importer(2089858483,b0f066a214c2f5e87bad3c948f4d605d) (ScriptedImporter) -> (artifact id: '31c5c0575a9578147f7d9d6dfb8036fb') in 1.6988077 seconds
Number of updated asset objects reloaded before import = 0Number of asset objects unloaded after import = 1

========================================================================
Received Import Request.
  Time since last request: 0.000029 seconds.
  path: Assets/TerrainSampleAssets/Models/GrassDry_A.asset
  artifactKey: Guid(95c06121a3f5d524c8cad4ff4e302950) Importer(2089858483,b0f066a214c2f5e87bad3c948f4d605d)
Start importing Assets/TerrainSampleAssets/Models/GrassDry_A.asset using Guid(95c06121a3f5d524c8cad4ff4e302950) Importer(2089858483,b0f066a214c2f5e87bad3c948f4d605d) (ScriptedImporter) -> (artifact id: '75c82433dbaa0b188fefdfcde33b29fe') in 2.4329285 seconds
Number of updated asset objects reloaded before import = 0Number of asset objects unloaded after import = 1

========================================================================
Received Import Request.
  Time since last request: 0.000060 seconds.
  path: Assets/Oculus Hands/Animations/l_hand_fist_anim.fbx
  artifactKey: Guid(7cb2e1480bb51ce4282f540ea3f41d4f) Importer(2089858483,b0f066a214c2f5e87bad3c948f4d605d)
Start importing Assets/Oculus Hands/Animations/l_hand_fist_anim.fbx using Guid(7cb2e1480bb51ce4282f540ea3f41d4f) Importer(2089858483,b0f066a214c2f5e87bad3c948f4d605d) (ScriptedImporter) -> (artifact id: '7ee8756412c92a64a85e882adbe6ff1e') in 0.8324459 seconds
Number of updated asset objects reloaded before import = 0Number of asset objects unloaded after import = 55

========================================================================
Received Import Request.
  Time since last request: 0.000041 seconds.
  path: Assets/TerrainSampleAssets/Prefabs/GrassDry_A.prefab
  artifactKey: Guid(9e8508e3025d9c844810b83c5607c09e) Importer(2089858483,b0f066a214c2f5e87bad3c948f4d605d)
Start importing Assets/TerrainSampleAssets/Prefabs/GrassDry_A.prefab using Guid(9e8508e3025d9c844810b83c5607c09e) Importer(2089858483,b0f066a214c2f5e87bad3c948f4d605d) (ScriptedImporter) -> (artifact id: 'e669eefd65c44061223dccd1abd56ef2') in 0.0637295 seconds
Number of updated asset objects reloaded before import = 0Number of asset objects unloaded after import = 7

========================================================================
Received Import Request.
  Time since last request: 0.000058 seconds.
  path: Assets/TerrainSampleAssets/TerrainBrushes/Terrainstamp_Mountain06_Brush.brush
  artifactKey: Guid(1f59549ee2c7eab4d833e1b9cd1bb76b) Importer(2089858483,b0f066a214c2f5e87bad3c948f4d605d)
Start importing Assets/TerrainSampleAssets/TerrainBrushes/Terrainstamp_Mountain06_Brush.brush using Guid(1f59549ee2c7eab4d833e1b9cd1bb76b) Importer(2089858483,b0f066a214c2f5e87bad3c948f4d605d) (ScriptedImporter) -> (artifact id: 'befa6deb08b309340d567c504a68a983') in 0.0685463 seconds
Number of updated asset objects reloaded before import = 0Number of asset objects unloaded after import = 2

========================================================================
Received Import Request.
  Time since last request: 0.000117 seconds.
  path: Assets/TerrainSampleAssets/TerrainBrushes/Terrainstamp_Mountain09_Brush.brush
  artifactKey: Guid(9159bc656b82f2b4b80e93118991ddc7) Importer(2089858483,b0f066a214c2f5e87bad3c948f4d605d)
Start importing Assets/TerrainSampleAssets/TerrainBrushes/Terrainstamp_Mountain09_Brush.brush using Guid(9159bc656b82f2b4b80e93118991ddc7) Importer(2089858483,b0f066a214c2f5e87bad3c948f4d605d) (ScriptedImporter) -> (artifact id: '00d5b24a23532006429c7b9747d2e1d8') in 0.0630384 seconds
Number of updated asset objects reloaded before import = 0Number of asset objects unloaded after import = 2

========================================================================
Received Import Request.
  Time since last request: 0.000091 seconds.
  path: Assets/TextMesh Pro/Shaders/TMP_SDF-Mobile Masking.shader
  artifactKey: Guid(bc1ede39bf3643ee8e493720e4259791) Importer(2089858483,b0f066a214c2f5e87bad3c948f4d605d)
Start importing Assets/TextMesh Pro/Shaders/TMP_SDF-Mobile Masking.shader using Guid(bc1ede39bf3643ee8e493720e4259791) Importer(2089858483,b0f066a214c2f5e87bad3c948f4d605d) (ScriptedImporter) -> (artifact id: '0ebe32c21e8e613ee322c6f327a9b36e') in 0.0419557 seconds
Number of updated asset objects reloaded before import = 0Number of asset objects unloaded after import = 1

========================================================================
Received Import Request.
  Time since last request: 0.000032 seconds.
  path: Assets/Scenes/Main vr scene.unity
  artifactKey: Guid(5ec754bed1516894ca6ab24f6ee4cc1f) Importer(2089858483,b0f066a214c2f5e87bad3c948f4d605d)
Start importing Assets/Scenes/Main vr scene.unity using Guid(5ec754bed1516894ca6ab24f6ee4cc1f) Importer(2089858483,b0f066a214c2f5e87bad3c948f4d605d) (ScriptedImporter) -> (artifact id: '6837a1e81a38e704493390215c46ed70') in 0.0375411 seconds
Number of updated asset objects reloaded before import = 0Number of asset objects unloaded after import = 1

========================================================================
Received Import Request.
  Time since last request: 0.000047 seconds.
  path: Assets/TerrainSampleAssets/Models/Fern_B.asset
  artifactKey: Guid(2f9d2984488477d498e8d5c61756f557) Importer(2089858483,b0f066a214c2f5e87bad3c948f4d605d)
Start importing Assets/TerrainSampleAssets/Models/Fern_B.asset using Guid(2f9d2984488477d498e8d5c61756f557) Importer(2089858483,b0f066a214c2f5e87bad3c948f4d605d) (ScriptedImporter) -> (artifact id: '8fa0cd547554a8773ceb1cd31f5805cd') in 0.0342131 seconds
Number of updated asset objects reloaded before import = 0Number of asset objects unloaded after import = 1

========================================================================
Received Import Request.
  Time since last request: 0.000027 seconds.
  path: Assets/TerrainSampleAssets/Prefabs/Grass_C.prefab
  artifactKey: Guid(4c72217d56dcb6749a897a75cad1f34e) Importer(2089858483,b0f066a214c2f5e87bad3c948f4d605d)
Start importing Assets/TerrainSampleAssets/Prefabs/Grass_C.prefab using Guid(4c72217d56dcb6749a897a75cad1f34e) Importer(2089858483,b0f066a214c2f5e87bad3c948f4d605d) (ScriptedImporter) -> (artifact id: '6d06121b437d5f0158c72b40f6ab50e1') in 0.0490286 seconds
Number of updated asset objects reloaded before import = 0Number of asset objects unloaded after import = 7

========================================================================
Received Import Request.
  Time since last request: 0.000041 seconds.
  path: Assets/TextMesh Pro/Shaders/TMP_SDF-Mobile SSD.shader
  artifactKey: Guid(c8d12adcee749c344b8117cf7c7eb912) Importer(2089858483,b0f066a214c2f5e87bad3c948f4d605d)
Start importing Assets/TextMesh Pro/Shaders/TMP_SDF-Mobile SSD.shader using Guid(c8d12adcee749c344b8117cf7c7eb912) Importer(2089858483,b0f066a214c2f5e87bad3c948f4d605d) (ScriptedImporter) -> (artifact id: 'a3f4a7a96b7aff42c083cd320358f2b2') in 0.042197 seconds
Number of updated asset objects reloaded before import = 0Number of asset objects unloaded after import = 1

========================================================================
Received Import Request.
  Time since last request: 0.000028 seconds.
  path: Assets/NewLayer1.terrainlayer
  artifactKey: Guid(0b6168e2d2ff71249a6507e9f825848e) Importer(2089858483,b0f066a214c2f5e87bad3c948f4d605d)
Start importing Assets/NewLayer1.terrainlayer using Guid(0b6168e2d2ff71249a6507e9f825848e) Importer(2089858483,b0f066a214c2f5e87bad3c948f4d605d) (ScriptedImporter) -> (artifact id: '54a89a687a4a944df226c69ac3f3032c') in 0.0386027 seconds
Number of updated asset objects reloaded before import = 0Number of asset objects unloaded after import = 2

========================================================================
Received Import Request.
  Time since last request: 0.000063 seconds.
  path: Assets/Oculus Hands/Animations/Left Hand Animator.controller
  artifactKey: Guid(4b5efa0c69d901449a38989140500c0d) Importer(2089858483,b0f066a214c2f5e87bad3c948f4d605d)
Start importing Assets/Oculus Hands/Animations/Left Hand Animator.controller using Guid(4b5efa0c69d901449a38989140500c0d) Importer(2089858483,b0f066a214c2f5e87bad3c948f4d605d) (ScriptedImporter) -> (artifact id: 'f37b64ce15df976ce236d8309c58f67a') in 0.0398037 seconds
Number of updated asset objects reloaded before import = 0Number of asset objects unloaded after import = 7

========================================================================
Received Import Request.
  Time since last request: 0.000060 seconds.
  path: Assets/TextMesh Pro/Shaders/TMP_SDF-Surface-Mobile.shader
  artifactKey: Guid(85187c2149c549c5b33f0cdb02836b17) Importer(2089858483,b0f066a214c2f5e87bad3c948f4d605d)
Start importing Assets/TextMesh Pro/Shaders/TMP_SDF-Surface-Mobile.shader using Guid(85187c2149c549c5b33f0cdb02836b17) Importer(2089858483,b0f066a214c2f5e87bad3c948f4d605d) (ScriptedImporter) -> (artifact id: '8ab5605dcad9d39b85e791bc68281b7e') in 0.0414176 seconds
Number of updated asset objects reloaded before import = 0Number of asset objects unloaded after import = 1

========================================================================
Received Import Request.
  Time since last request: 0.000036 seconds.
  path: Assets/TextMesh Pro/Shaders/TMP_SDF-URP Unlit.shadergraph
  artifactKey: Guid(124c112a6e8f1a54e8b0870e881b56d8) Importer(2089858483,b0f066a214c2f5e87bad3c948f4d605d)
Start importing Assets/TextMesh Pro/Shaders/TMP_SDF-URP Unlit.shadergraph using Guid(124c112a6e8f1a54e8b0870e881b56d8) Importer(2089858483,b0f066a214c2f5e87bad3c948f4d605d) (ScriptedImporter) -> (artifact id: '98eb25ad905a37be08a6dbaa9c1f730f') in 1.5150648 seconds
Number of updated asset objects reloaded before import = 0Number of asset objects unloaded after import = 4

========================================================================
Received Import Request.
  Time since last request: 0.000074 seconds.
  path: Assets/TextMesh Pro/Shaders/TMP_SDF.shader
  artifactKey: Guid(68e6db2ebdc24f95958faec2be5558d6) Importer(2089858483,b0f066a214c2f5e87bad3c948f4d605d)
Start importing Assets/TextMesh Pro/Shaders/TMP_SDF.shader using Guid(68e6db2ebdc24f95958faec2be5558d6) Importer(2089858483,b0f066a214c2f5e87bad3c948f4d605d) (ScriptedImporter) -> (artifact id: '0975dcdaaee163c9c84bb78f06b8074b') in 0.0316299 seconds
Number of updated asset objects reloaded before import = 0Number of asset objects unloaded after import = 1

========================================================================
Received Import Request.
  Time since last request: 0.000043 seconds.
  path: Assets/TerrainSampleAssets/Models/Plant_C.asset
  artifactKey: Guid(c671cabf34dd5314ca28492ced9c9001) Importer(2089858483,b0f066a214c2f5e87bad3c948f4d605d)
Start importing Assets/TerrainSampleAssets/Models/Plant_C.asset using Guid(c671cabf34dd5314ca28492ced9c9001) Importer(2089858483,b0f066a214c2f5e87bad3c948f4d605d) (ScriptedImporter) -> (artifact id: 'e7e55f61958652470e27091660e03cd9') in 0.0269 seconds
Number of updated asset objects reloaded before import = 0Number of asset objects unloaded after import = 1

========================================================================
Received Import Request.
  Time since last request: 0.000021 seconds.
  path: Assets/TerrainSampleAssets/TerrainBrushes/Terrainstamp_Ridge02_Brush.brush
  artifactKey: Guid(5203e2a4f3ccc3548bde5beb3ca4bdc2) Importer(2089858483,b0f066a214c2f5e87bad3c948f4d605d)
Start importing Assets/TerrainSampleAssets/TerrainBrushes/Terrainstamp_Ridge02_Brush.brush using Guid(5203e2a4f3ccc3548bde5beb3ca4bdc2) Importer(2089858483,b0f066a214c2f5e87bad3c948f4d605d) (ScriptedImporter) -> (artifact id: 'c58f08908460c6e44a83046bba0f128b') in 0.0439018 seconds
Number of updated asset objects reloaded before import = 0Number of asset objects unloaded after import = 2

========================================================================
Received Import Request.
  Time since last request: 0.000038 seconds.
  path: Assets/TerrainSampleAssets/Settings/HeightmapTexture.preset
  artifactKey: Guid(3673edd4bef6add4aaf606245092507c) Importer(2089858483,b0f066a214c2f5e87bad3c948f4d605d)
Start importing Assets/TerrainSampleAssets/Settings/HeightmapTexture.preset using Guid(3673edd4bef6add4aaf606245092507c) Importer(2089858483,b0f066a214c2f5e87bad3c948f4d605d) (ScriptedImporter) -> (artifact id: '1866588ba1f650a3b7f787bf723812c6') in 0.0946638 seconds
Number of updated asset objects reloaded before import = 0Number of asset objects unloaded after import = 1

========================================================================
Received Import Request.
  Time since last request: 0.000037 seconds.
  path: Assets/TextMesh Pro/Sprites/EmojiOne Attribution.txt
  artifactKey: Guid(381dcb09d5029d14897e55f98031fca5) Importer(2089858483,b0f066a214c2f5e87bad3c948f4d605d)
Start importing Assets/TextMesh Pro/Sprites/EmojiOne Attribution.txt using Guid(381dcb09d5029d14897e55f98031fca5) Importer(2089858483,b0f066a214c2f5e87bad3c948f4d605d) (ScriptedImporter) -> (artifact id: 'e47216ce81c2990444008eda4556210e') in 0.0292477 seconds
Number of updated asset objects reloaded before import = 0Number of asset objects unloaded after import = 1

========================================================================
Received Import Request.
  Time since last request: 0.000028 seconds.
  path: Assets/my stuff/water/TransformWater.cs
  artifactKey: Guid(d2aea58234445984ba267d2f9c44d130) Importer(2089858483,b0f066a214c2f5e87bad3c948f4d605d)
Start importing Assets/my stuff/water/TransformWater.cs using Guid(d2aea58234445984ba267d2f9c44d130) Importer(2089858483,b0f066a214c2f5e87bad3c948f4d605d) (ScriptedImporter) -> (artifact id: '5ab130ef358dca301cb21b7161202c52') in 0.1665933 seconds
Number of updated asset objects reloaded before import = 0Number of asset objects unloaded after import = 0

========================================================================
Received Import Request.
  Time since last request: 0.000044 seconds.
  path: Assets/my stuff/Iceberg/Snow.mat
  artifactKey: Guid(00a31bd20c8bf564c8d39d46eabfec6b) Importer(2089858483,b0f066a214c2f5e87bad3c948f4d605d)
Start importing Assets/my stuff/Iceberg/Snow.mat using Guid(00a31bd20c8bf564c8d39d46eabfec6b) Importer(2089858483,b0f066a214c2f5e87bad3c948f4d605d) (ScriptedImporter) -> (artifact id: 'edaca5628ad74fe42b0c9345a765d981') in 0.0556654 seconds
Number of updated asset objects reloaded before import = 0Number of asset objects unloaded after import = 8

========================================================================
Received Import Request.
  Time since last request: 0.000046 seconds.
  path: Assets/TerrainSampleAssets/Models/Grass_C.asset
  artifactKey: Guid(e4775a09ccd762a42b26cb448a2763f0) Importer(2089858483,b0f066a214c2f5e87bad3c948f4d605d)
Start importing Assets/TerrainSampleAssets/Models/Grass_C.asset using Guid(e4775a09ccd762a42b26cb448a2763f0) Importer(2089858483,b0f066a214c2f5e87bad3c948f4d605d) (ScriptedImporter) -> (artifact id: '577676972d16f583cbf81e78caa8c0b6') in 0.0335011 seconds
Number of updated asset objects reloaded before import = 0Number of asset objects unloaded after import = 1

========================================================================
Received Import Request.
  Time since last request: 0.000104 seconds.
  path: Assets/TerrainSampleAssets/Models/Heather_A.asset
  artifactKey: Guid(211a44eba6f5ca34ea3d3ac34bbc3469) Importer(2089858483,b0f066a214c2f5e87bad3c948f4d605d)
Start importing Assets/TerrainSampleAssets/Models/Heather_A.asset using Guid(211a44eba6f5ca34ea3d3ac34bbc3469) Importer(2089858483,b0f066a214c2f5e87bad3c948f4d605d) (ScriptedImporter) -> (artifact id: 'a7eaf7c70c54c2ccb27d5da26fd08e41') in 0.0395525 seconds
Number of updated asset objects reloaded before import = 0Number of asset objects unloaded after import = 1

========================================================================
Received Import Request.
  Time since last request: 0.000026 seconds.
  path: Assets/my stuff/Iceberg/ICE.PNG
  artifactKey: Guid(2608a44e31e2dbd438000d70a545572f) Importer(2089858483,b0f066a214c2f5e87bad3c948f4d605d)
Start importing Assets/my stuff/Iceberg/ICE.PNG using Guid(2608a44e31e2dbd438000d70a545572f) Importer(2089858483,b0f066a214c2f5e87bad3c948f4d605d) (ScriptedImporter) -> (artifact id: '92fbd9a62f2d295b5f167a60ea309219') in 0.0539356 seconds
Number of updated asset objects reloaded before import = 0Number of asset objects unloaded after import = 1

========================================================================
Received Import Request.
  Time since last request: 0.000044 seconds.
  path: Assets/XR/Settings/OpenXR Editor Settings.asset
  artifactKey: Guid(3b4963caa177e60469cd0413444965b8) Importer(2089858483,b0f066a214c2f5e87bad3c948f4d605d)
Start importing Assets/XR/Settings/OpenXR Editor Settings.asset using Guid(3b4963caa177e60469cd0413444965b8) Importer(2089858483,b0f066a214c2f5e87bad3c948f4d605d) (ScriptedImporter) -> (artifact id: 'd5807652723b90f58b4d354410fb1c5f') in 0.2487263 seconds
Number of updated asset objects reloaded before import = 0Number of asset objects unloaded after import = 1

========================================================================
Received Import Request.
  Time since last request: 0.000027 seconds.
  path: Assets/XR/Settings/OpenXRPackageSettings.asset
  artifactKey: Guid(a1847b3e24ee86549810e961d3c7a67c) Importer(2089858483,b0f066a214c2f5e87bad3c948f4d605d)
Start importing Assets/XR/Settings/OpenXRPackageSettings.asset using Guid(a1847b3e24ee86549810e961d3c7a67c) Importer(2089858483,b0f066a214c2f5e87bad3c948f4d605d) (ScriptedImporter) -> (artifact id: 'ed7b9610babdc067a3f297818cba9e09') in 0.1615594 seconds
Number of updated asset objects reloaded before import = 0Number of asset objects unloaded after import = 1

========================================================================
Received Import Request.
  Time since last request: 0.000041 seconds.
  path: Assets/test_save.unity
  artifactKey: Guid(e3092b9a7a6af5245b53e70dd34b0cf2) Importer(2089858483,b0f066a214c2f5e87bad3c948f4d605d)
Start importing Assets/test_save.unity using Guid(e3092b9a7a6af5245b53e70dd34b0cf2) Importer(2089858483,b0f066a214c2f5e87bad3c948f4d605d) (ScriptedImporter) -> (artifact id: 'eaea955881bfcc464a5367914fd73278') in 0.0590461 seconds
Number of updated asset objects reloaded before import = 0Number of asset objects unloaded after import = 1

========================================================================
Received Import Request.
  Time since last request: 0.000028 seconds.
  path: Assets/my stuff/Terrain/Terrain/Ekstrahert Geirangerfjord fil.geotif
  artifactKey: Guid(0efffd8afa6b6c14c8576591c342f223) Importer(2089858483,b0f066a214c2f5e87bad3c948f4d605d)
Start importing Assets/my stuff/Terrain/Terrain/Ekstrahert Geirangerfjord fil.geotif using Guid(0efffd8afa6b6c14c8576591c342f223) Importer(2089858483,b0f066a214c2f5e87bad3c948f4d605d) (ScriptedImporter) -> (artifact id: 'd2dcc03514885a95f63b91fa66b28e4c') in 0.0660749 seconds
Number of updated asset objects reloaded before import = 0Number of asset objects unloaded after import = 2

========================================================================
Received Import Request.
  Time since last request: 0.000054 seconds.
  path: Assets/Settings/UniversalRenderPipelineGlobalSettings.asset
  artifactKey: Guid(18dc0cd2c080841dea60987a38ce93fa) Importer(2089858483,b0f066a214c2f5e87bad3c948f4d605d)
Start importing Assets/Settings/UniversalRenderPipelineGlobalSettings.asset using Guid(18dc0cd2c080841dea60987a38ce93fa) Importer(2089858483,b0f066a214c2f5e87bad3c948f4d605d) (ScriptedImporter) -> (artifact id: 'fa51ec99695723cf9ad7b553586376ae') in 0.3265281 seconds
Number of updated asset objects reloaded before import = 0Number of asset objects unloaded after import = 0

========================================================================
Received Import Request.
  Time since last request: 0.000030 seconds.
  path: Assets/TerrainSampleAssets/Prefabs/Grass_A.prefab
  artifactKey: Guid(4e6885e0d11bd224fa27617a4657c329) Importer(2089858483,b0f066a214c2f5e87bad3c948f4d605d)
Start importing Assets/TerrainSampleAssets/Prefabs/Grass_A.prefab using Guid(4e6885e0d11bd224fa27617a4657c329) Importer(2089858483,b0f066a214c2f5e87bad3c948f4d605d) (ScriptedImporter) -> (artifact id: 'd91d015f6d6c3599db4811fe4dbd0010') in 0.0444511 seconds
Number of updated asset objects reloaded before import = 0Number of asset objects unloaded after import = 7

========================================================================
Received Import Request.
  Time since last request: 0.000089 seconds.
  path: Assets/my stuff/Terrain/Terrain/Ekstrahert Geirangerfjord fil_TerrainData.asset
  artifactKey: Guid(bbf60e0a64f0c3740ab881218626c5bd) Importer(2089858483,b0f066a214c2f5e87bad3c948f4d605d)
Start importing Assets/my stuff/Terrain/Terrain/Ekstrahert Geirangerfjord fil_TerrainData.asset using Guid(bbf60e0a64f0c3740ab881218626c5bd) Importer(2089858483,b0f066a214c2f5e87bad3c948f4d605d) (ScriptedImporter) -> (artifact id: 'e1b8e721f3107d7cfcdaf0bcb1953234') in 0.0819436 seconds
Number of updated asset objects reloaded before import = 0Number of asset objects unloaded after import = 3

========================================================================
Received Import Request.
  Time since last request: 0.000056 seconds.
  path: Assets/TerrainSampleAssets/TerrainBrushes/Soft_Round_Brush.brush
  artifactKey: Guid(a757b66aa1cbcbe4595dd37a3729ba24) Importer(2089858483,b0f066a214c2f5e87bad3c948f4d605d)
Start importing Assets/TerrainSampleAssets/TerrainBrushes/Soft_Round_Brush.brush using Guid(a757b66aa1cbcbe4595dd37a3729ba24) Importer(2089858483,b0f066a214c2f5e87bad3c948f4d605d) (ScriptedImporter) -> (artifact id: '51ca515c159c47dfc727889633a07e19') in 0.0303751 seconds
Number of updated asset objects reloaded before import = 0Number of asset objects unloaded after import = 2

========================================================================
Received Import Request.
  Time since last request: 0.000158 seconds.
  path: Assets/my stuff/Terrain/Terrain/heightmap_7.124381513988283_62.04321603198707_21.32191496951042.png
  artifactKey: Guid(a8689895331b6b4479f4a8b13b13e952) Importer(2089858483,b0f066a214c2f5e87bad3c948f4d605d)
Start importing Assets/my stuff/Terrain/Terrain/heightmap_7.124381513988283_62.04321603198707_21.32191496951042.png using Guid(a8689895331b6b4479f4a8b13b13e952) Importer(2089858483,b0f066a214c2f5e87bad3c948f4d605d) (ScriptedImporter) -> (artifact id: '05ced8cabe69a1bc64e0054c95fe1c73') in 0.2484741 seconds
Number of updated asset objects reloaded before import = 0Number of asset objects unloaded after import = 1

========================================================================
Received Import Request.
  Time since last request: 0.000038 seconds.
  path: Assets/my stuff/Terrain/Terrain/g.png
  artifactKey: Guid(efd2663bee89f43409af0dcbf196b6ff) Importer(2089858483,b0f066a214c2f5e87bad3c948f4d605d)
Start importing Assets/my stuff/Terrain/Terrain/g.png using Guid(efd2663bee89f43409af0dcbf196b6ff) Importer(2089858483,b0f066a214c2f5e87bad3c948f4d605d) (ScriptedImporter) -> (artifact id: 'd7e0e7892ddc56869e9d2bd6ee37d9df') in 0.0697914 seconds
Number of updated asset objects reloaded before import = 0Number of asset objects unloaded after import = 1

========================================================================
Received Import Request.
  Time since last request: 0.000044 seconds.
  path: Assets/TerrainSampleAssets/Prefabs/Plant_C.prefab
  artifactKey: Guid(d9246f89c4014f749b69f6e963372434) Importer(2089858483,b0f066a214c2f5e87bad3c948f4d605d)
Start importing Assets/TerrainSampleAssets/Prefabs/Plant_C.prefab using Guid(d9246f89c4014f749b69f6e963372434) Importer(2089858483,b0f066a214c2f5e87bad3c948f4d605d) (ScriptedImporter) -> (artifact id: '629437111db9718dbbde9fec7c90b486') in 0.0403766 seconds
Number of updated asset objects reloaded before import = 0Number of asset objects unloaded after import = 7

========================================================================
Received Import Request.
  Time since last request: 0.000033 seconds.
  path: Assets/TerrainSampleAssets/TerrainBrushes/Terrainstamp_Flatmountain01_Brush.brush
  artifactKey: Guid(5ca44fb774755d14f93870431e58a1e2) Importer(2089858483,b0f066a214c2f5e87bad3c948f4d605d)
Start importing Assets/TerrainSampleAssets/TerrainBrushes/Terrainstamp_Flatmountain01_Brush.brush using Guid(5ca44fb774755d14f93870431e58a1e2) Importer(2089858483,b0f066a214c2f5e87bad3c948f4d605d) (ScriptedImporter) -> (artifact id: 'bdfc0b2abd9b5b3727801746327e0b20') in 0.0529419 seconds
Number of updated asset objects reloaded before import = 0Number of asset objects unloaded after import = 2

========================================================================
Received Import Request.
  Time since last request: 0.000059 seconds.
  path: Assets/TextMesh Pro/Resources/LineBreaking Following Characters.txt
  artifactKey: Guid(fade42e8bc714b018fac513c043d323b) Importer(2089858483,b0f066a214c2f5e87bad3c948f4d605d)
Start importing Assets/TextMesh Pro/Resources/LineBreaking Following Characters.txt using Guid(fade42e8bc714b018fac513c043d323b) Importer(2089858483,b0f066a214c2f5e87bad3c948f4d605d) (ScriptedImporter) -> (artifact id: '70293a903a00066192d0de03b7f6ab39') in 0.033675 seconds
Number of updated asset objects reloaded before import = 0Number of asset objects unloaded after import = 1

========================================================================
Received Import Request.
  Time since last request: 0.000039 seconds.
  path: Assets/TerrainSampleAssets/TerrainLayers/Rock_TerrainLayer.terrainlayer
  artifactKey: Guid(c997c17aa360cb749a27932fe3bdfcce) Importer(2089858483,b0f066a214c2f5e87bad3c948f4d605d)
Start importing Assets/TerrainSampleAssets/TerrainLayers/Rock_TerrainLayer.terrainlayer using Guid(c997c17aa360cb749a27932fe3bdfcce) Importer(2089858483,b0f066a214c2f5e87bad3c948f4d605d) (ScriptedImporter) -> (artifact id: '260ee9c468839ad624ebeb04de64637a') in 0.3786881 seconds
Number of updated asset objects reloaded before import = 0Number of asset objects unloaded after import = 4

========================================================================
Received Import Request.
  Time since last request: 0.000057 seconds.
  path: Assets/my stuff/Terrain/Terrain/SeabedMeshGenerator.cs
  artifactKey: Guid(b73aa27cdc82df04bbb7dcad02986e8e) Importer(2089858483,b0f066a214c2f5e87bad3c948f4d605d)
Start importing Assets/my stuff/Terrain/Terrain/SeabedMeshGenerator.cs using Guid(b73aa27cdc82df04bbb7dcad02986e8e) Importer(2089858483,b0f066a214c2f5e87bad3c948f4d605d) (ScriptedImporter) -> (artifact id: '0be10f8b7bac29e560a52a844b8c792b') in 0.1027141 seconds
Number of updated asset objects reloaded before import = 0Number of asset objects unloaded after import = 0

========================================================================
Received Import Request.
  Time since last request: 0.000037 seconds.
  path: Assets/my stuff/Terrain/Terrain/snow normal4.PNG
  artifactKey: Guid(5b33e3b85c62384458a775185ac50153) Importer(2089858483,b0f066a214c2f5e87bad3c948f4d605d)
Start importing Assets/my stuff/Terrain/Terrain/snow normal4.PNG using Guid(5b33e3b85c62384458a775185ac50153) Importer(2089858483,b0f066a214c2f5e87bad3c948f4d605d) (ScriptedImporter) -> (artifact id: 'cd1c5e67ebe352d9077a3d837205bbea') in 1.276688 seconds
Number of updated asset objects reloaded before import = 0Number of asset objects unloaded after import = 1

========================================================================
Received Import Request.
  Time since last request: 0.000034 seconds.
  path: Assets/my stuff/Terrain/Terrain/Snow texture.jpg
  artifactKey: Guid(a1e9003463f6f1743bc49937bb5a6669) Importer(2089858483,b0f066a214c2f5e87bad3c948f4d605d)
Start importing Assets/my stuff/Terrain/Terrain/Snow texture.jpg using Guid(a1e9003463f6f1743bc49937bb5a6669) Importer(2089858483,b0f066a214c2f5e87bad3c948f4d605d) (ScriptedImporter) -> (artifact id: 'ff0f2cb6121ef9fadc355114a0c231be') in 0.5927658 seconds
Number of updated asset objects reloaded before import = 0Number of asset objects unloaded after import = 1

========================================================================
Received Import Request.
  Time since last request: 0.000037 seconds.
  path: Assets/my stuff/Terrain/Terrain/SNOW.jpg
  artifactKey: Guid(31aa8e36776b85147a552146567a4075) Importer(2089858483,b0f066a214c2f5e87bad3c948f4d605d)
Start importing Assets/my stuff/Terrain/Terrain/SNOW.jpg using Guid(31aa8e36776b85147a552146567a4075) Importer(2089858483,b0f066a214c2f5e87bad3c948f4d605d) (ScriptedImporter) -> (artifact id: '65b545f2d092a22e6d45c5d57184e97f') in 0.6010515 seconds
Number of updated asset objects reloaded before import = 0Number of asset objects unloaded after import = 1

========================================================================
Received Import Request.
  Time since last request: 0.000065 seconds.
  path: Assets/my stuff/Terrain/Terrain/snow.mat
  artifactKey: Guid(60027ea52cd95de4f99bdb996f1c7640) Importer(2089858483,b0f066a214c2f5e87bad3c948f4d605d)
Start importing Assets/my stuff/Terrain/Terrain/snow.mat using Guid(60027ea52cd95de4f99bdb996f1c7640) Importer(2089858483,b0f066a214c2f5e87bad3c948f4d605d) (ScriptedImporter) -> (artifact id: '48bf22e009cce188c59c7ee3e264ae56') in 0.0963008 seconds
Number of updated asset objects reloaded before import = 0Number of asset objects unloaded after import = 9

========================================================================
Received Import Request.
  Time since last request: 0.000037 seconds.
  path: Assets/my stuff/Terrain/Terrain/Terrain ice.shadergraph
  artifactKey: Guid(bf73bfcca02a0f3479404d97944a1f2f) Importer(2089858483,b0f066a214c2f5e87bad3c948f4d605d)
Start importing Assets/my stuff/Terrain/Terrain/Terrain ice.shadergraph using Guid(bf73bfcca02a0f3479404d97944a1f2f) Importer(2089858483,b0f066a214c2f5e87bad3c948f4d605d) (ScriptedImporter) -> (artifact id: '783caea3e62f2a7849f4d3e84f30b9d8') in 0.0414577 seconds
Number of updated asset objects reloaded before import = 0Number of asset objects unloaded after import = 6

========================================================================
Received Import Request.
  Time since last request: 0.000056 seconds.
  path: Assets/TerrainSampleAssets/TerrainBrushes/Terrainstamp_Mountain05_Brush.brush
  artifactKey: Guid(c18cd5b317ff2af479fe5b47336cc75c) Importer(2089858483,b0f066a214c2f5e87bad3c948f4d605d)
Start importing Assets/TerrainSampleAssets/TerrainBrushes/Terrainstamp_Mountain05_Brush.brush using Guid(c18cd5b317ff2af479fe5b47336cc75c) Importer(2089858483,b0f066a214c2f5e87bad3c948f4d605d) (ScriptedImporter) -> (artifact id: 'f362668927e683193a07236ed21982b7') in 0.0508208 seconds
Number of updated asset objects reloaded before import = 0Number of asset objects unloaded after import = 2

========================================================================
Received Import Request.
  Time since last request: 0.000048 seconds.
  path: Assets/my stuff/Terrain/Terrain/TerrainData_3905ef0e-da21-4a6a-96a6-3e1a8403ba04.asset
  artifactKey: Guid(5d7d4050116559544b12ee79ba5949b9) Importer(2089858483,b0f066a214c2f5e87bad3c948f4d605d)
Start importing Assets/my stuff/Terrain/Terrain/TerrainData_3905ef0e-da21-4a6a-96a6-3e1a8403ba04.asset using Guid(5d7d4050116559544b12ee79ba5949b9) Importer(2089858483,b0f066a214c2f5e87bad3c948f4d605d) (ScriptedImporter) -> (artifact id: '9bde7d273785cccc4e043e75936d6c7b') in 0.0789363 seconds
Number of updated asset objects reloaded before import = 0Number of asset objects unloaded after import = 1

========================================================================
Received Import Request.
  Time since last request: 0.000036 seconds.
  path: Assets/my stuff/Terrain/Terrain/Terrain snow.shadergraph
  artifactKey: Guid(59f2239320ee9f34fa9eccad545acf7d) Importer(2089858483,b0f066a214c2f5e87bad3c948f4d605d)
Start importing Assets/my stuff/Terrain/Terrain/Terrain snow.shadergraph using Guid(59f2239320ee9f34fa9eccad545acf7d) Importer(2089858483,b0f066a214c2f5e87bad3c948f4d605d) (ScriptedImporter) -> (artifact id: 'a0b64e9684944968caf29920cc689abb') in 0.0556974 seconds
Number of updated asset objects reloaded before import = 0Number of asset objects unloaded after import = 8

========================================================================
Received Import Request.
  Time since last request: 0.000044 seconds.
  path: Assets/TutorialInfo/Icons/URP.png
  artifactKey: Guid(727a75301c3d24613a3ebcec4a24c2c8) Importer(2089858483,b0f066a214c2f5e87bad3c948f4d605d)
Start importing Assets/TutorialInfo/Icons/URP.png using Guid(727a75301c3d24613a3ebcec4a24c2c8) Importer(2089858483,b0f066a214c2f5e87bad3c948f4d605d) (ScriptedImporter) -> (artifact id: '58530cb6ee67697c4c7457511dd60838') in 0.1583042 seconds
Number of updated asset objects reloaded before import = 0Number of asset objects unloaded after import = 1

========================================================================
Received Import Request.
  Time since last request: 0.000041 seconds.
  path: Assets/TerrainSampleAssets/TerrainBrushes/Terrainstamp_Ridge01_Brush.brush
  artifactKey: Guid(776f9b3da89f9394cac9a53aab9a5eb5) Importer(2089858483,b0f066a214c2f5e87bad3c948f4d605d)
Start importing Assets/TerrainSampleAssets/TerrainBrushes/Terrainstamp_Ridge01_Brush.brush using Guid(776f9b3da89f9394cac9a53aab9a5eb5) Importer(2089858483,b0f066a214c2f5e87bad3c948f4d605d) (ScriptedImporter) -> (artifact id: '8a3fef7fc0ee4d2b7b558bcc71bf8ca4') in 0.0705997 seconds
Number of updated asset objects reloaded before import = 0Number of asset objects unloaded after import = 2

========================================================================
Received Import Request.
  Time since last request: 0.000039 seconds.
  path: Assets/Settings/PC_RPAsset.asset
  artifactKey: Guid(4b83569d67af61e458304325a23e5dfd) Importer(2089858483,b0f066a214c2f5e87bad3c948f4d605d)
Start importing Assets/Settings/PC_RPAsset.asset using Guid(4b83569d67af61e458304325a23e5dfd) Importer(2089858483,b0f066a214c2f5e87bad3c948f4d605d) (ScriptedImporter) -> (artifact id: '4c90d71006b14c827c4b03d461d4ae3a') in 0.0640339 seconds
Number of updated asset objects reloaded before import = 0Number of asset objects unloaded after import = 1

========================================================================
Received Import Request.
  Time since last request: 0.000092 seconds.
  path: Assets/my stuff/Terrain/Terrain/TerrainData_d6ef77fa-9c2c-4144-a7f9-1104021df0bd.asset
  artifactKey: Guid(1adfd3950c153f84fa28e6bc12211ded) Importer(2089858483,b0f066a214c2f5e87bad3c948f4d605d)
Start importing Assets/my stuff/Terrain/Terrain/TerrainData_d6ef77fa-9c2c-4144-a7f9-1104021df0bd.asset using Guid(1adfd3950c153f84fa28e6bc12211ded) Importer(2089858483,b0f066a214c2f5e87bad3c948f4d605d) (ScriptedImporter) -> (artifact id: '604e3b117d9a2bff291091f486a408f4') in 0.0446599 seconds
Number of updated asset objects reloaded before import = 0Number of asset objects unloaded after import = 1

========================================================================
Received Import Request.
  Time since last request: 0.000053 seconds.
  path: Assets/my stuff/collors/White.mat
  artifactKey: Guid(db16fb5948d535d4d8b502e20d68070b) Importer(2089858483,b0f066a214c2f5e87bad3c948f4d605d)
Start importing Assets/my stuff/collors/White.mat using Guid(db16fb5948d535d4d8b502e20d68070b) Importer(2089858483,b0f066a214c2f5e87bad3c948f4d605d) (ScriptedImporter) -> (artifact id: '77a1caf12618b671e57f95d2367cf050') in 0.0317567 seconds
Number of updated asset objects reloaded before import = 0Number of asset objects unloaded after import = 1

========================================================================
Received Import Request.
  Time since last request: 0.000040 seconds.
  path: Assets/Plugins/UnityLibrary/GeoTiffImporter/unitycoder_UnityGeoTiffImporter_ Import GEOTIFF files and Create Terrains from the data.url
  artifactKey: Guid(f24b79d0b54c15b44bd8fd2d8140e9e5) Importer(2089858483,b0f066a214c2f5e87bad3c948f4d605d)
Start importing Assets/Plugins/UnityLibrary/GeoTiffImporter/unitycoder_UnityGeoTiffImporter_ Import GEOTIFF files and Create Terrains from the data.url using Guid(f24b79d0b54c15b44bd8fd2d8140e9e5) Importer(2089858483,b0f066a214c2f5e87bad3c948f4d605d) (ScriptedImporter) -> (artifact id: '16f82192b60ab45febd87bea9ee0cd1b') in 0.0323494 seconds
Number of updated asset objects reloaded before import = 0Number of asset objects unloaded after import = 1

========================================================================
Received Import Request.
  Time since last request: 0.000025 seconds.
  path: Assets/TerrainSampleAssets/Models/Fern_C.asset
  artifactKey: Guid(19f3cdde7d5104c4da897ac17045ddfd) Importer(2089858483,b0f066a214c2f5e87bad3c948f4d605d)
Start importing Assets/TerrainSampleAssets/Models/Fern_C.asset using Guid(19f3cdde7d5104c4da897ac17045ddfd) Importer(2089858483,b0f066a214c2f5e87bad3c948f4d605d) (ScriptedImporter) -> (artifact id: '563ee041f34184c6de9554930b412468') in 2.0901498 seconds
Number of updated asset objects reloaded before import = 0Number of asset objects unloaded after import = 1

========================================================================
Received Import Request.
  Time since last request: 0.000057 seconds.
  path: Assets/TerrainSampleAssets/ShaderGraphs/Subgraphs/AnimatedGrassPhase.shadersubgraph
  artifactKey: Guid(baa12ab73b962474eb9afea9483e1f0f) Importer(2089858483,b0f066a214c2f5e87bad3c948f4d605d)
Start importing Assets/TerrainSampleAssets/ShaderGraphs/Subgraphs/AnimatedGrassPhase.shadersubgraph using Guid(baa12ab73b962474eb9afea9483e1f0f) Importer(2089858483,b0f066a214c2f5e87bad3c948f4d605d) (ScriptedImporter) -> (artifact id: 'e5196299df6afaf1b3f996d52bf0244c') in 0.2469856 seconds
Number of updated asset objects reloaded before import = 0Number of asset objects unloaded after import = 1

========================================================================
Received Import Request.
  Time since last request: 0.000037 seconds.
  path: Assets/TerrainSampleAssets/ShaderGraphs/Subgraphs/DistanceCutoff.shadersubgraph
  artifactKey: Guid(6c605407cd6fa244f8ff68955ae4b09f) Importer(2089858483,b0f066a214c2f5e87bad3c948f4d605d)
Start importing Assets/TerrainSampleAssets/ShaderGraphs/Subgraphs/DistanceCutoff.shadersubgraph using Guid(6c605407cd6fa244f8ff68955ae4b09f) Importer(2089858483,b0f066a214c2f5e87bad3c948f4d605d) (ScriptedImporter) -> (artifact id: 'def23e558414d260e610df8358ee5d55') in 0.1336945 seconds
Number of updated asset objects reloaded before import = 0Number of asset objects unloaded after import = 1

========================================================================
Received Import Request.
  Time since last request: 0.000045 seconds.
  path: Assets/Settings/Mobile_Renderer.asset
  artifactKey: Guid(65bc7dbf4170f435aa868c779acfb082) Importer(2089858483,b0f066a214c2f5e87bad3c948f4d605d)
Start importing Assets/Settings/Mobile_Renderer.asset using Guid(65bc7dbf4170f435aa868c779acfb082) Importer(2089858483,b0f066a214c2f5e87bad3c948f4d605d) (ScriptedImporter) -> (artifact id: '1980eb23abdba636bdd7ff69db408c30') in 0.2605145 seconds
Number of updated asset objects reloaded before import = 0Number of asset objects unloaded after import = 1

========================================================================
Received Import Request.
  Time since last request: 0.000059 seconds.
  path: Assets/TerrainSampleAssets/ShaderGraphs/Subgraphs/PipelineSwitch.shadersubgraph
  artifactKey: Guid(31fa38c326a958b4c85964d5d54981a0) Importer(2089858483,b0f066a214c2f5e87bad3c948f4d605d)
Start importing Assets/TerrainSampleAssets/ShaderGraphs/Subgraphs/PipelineSwitch.shadersubgraph using Guid(31fa38c326a958b4c85964d5d54981a0) Importer(2089858483,b0f066a214c2f5e87bad3c948f4d605d) (ScriptedImporter) -> (artifact id: '6e877988aaa90883b3fb3777bb618261') in 0.0607726 seconds
Number of updated asset objects reloaded before import = 0Number of asset objects unloaded after import = 1

========================================================================
Received Import Request.
  Time since last request: 0.000033 seconds.
  path: Assets/my stuff/water/Water.mat
  artifactKey: Guid(336acb24033d60b4687c5a49c0f8988a) Importer(2089858483,b0f066a214c2f5e87bad3c948f4d605d)
Start importing Assets/my stuff/water/Water.mat using Guid(336acb24033d60b4687c5a49c0f8988a) Importer(2089858483,b0f066a214c2f5e87bad3c948f4d605d) (ScriptedImporter) -> (artifact id: '29c5c02235895192b32cd72dbfd7f4d6') in 0.0472206 seconds
Number of updated asset objects reloaded before import = 0Number of asset objects unloaded after import = 7

========================================================================
Received Import Request.
  Time since last request: 0.000040 seconds.
  path: Assets/TerrainSampleAssets/ShaderGraphs/Subgraphs/URPSSS.shadersubgraph
  artifactKey: Guid(9037b993318fb2a46b314bdf87073500) Importer(2089858483,b0f066a214c2f5e87bad3c948f4d605d)
Start importing Assets/TerrainSampleAssets/ShaderGraphs/Subgraphs/URPSSS.shadersubgraph using Guid(9037b993318fb2a46b314bdf87073500) Importer(2089858483,b0f066a214c2f5e87bad3c948f4d605d) (ScriptedImporter) -> (artifact id: '6c27c8c5f13a4255835ee5394c77e39c') in 0.0673816 seconds
Number of updated asset objects reloaded before import = 0Number of asset objects unloaded after import = 1

========================================================================
Received Import Request.
  Time since last request: 0.000043 seconds.
  path: Assets/Terrain/Terrain_0_1_c1774e5d-875a-4106-b063-f4fdbe48bd54.asset
  artifactKey: Guid(f9dd8e31171314d428a26106db351a98) Importer(2089858483,b0f066a214c2f5e87bad3c948f4d605d)
Start importing Assets/Terrain/Terrain_0_1_c1774e5d-875a-4106-b063-f4fdbe48bd54.asset using Guid(f9dd8e31171314d428a26106db351a98) Importer(2089858483,b0f066a214c2f5e87bad3c948f4d605d) (ScriptedImporter) -> (artifact id: 'cd62722b271b7bd701e72c0d768d3452') in 0.3624015 seconds
Number of updated asset objects reloaded before import = 0Number of asset objects unloaded after import = 1

========================================================================
Received Import Request.
  Time since last request: 0.000056 seconds.
  path: Assets/TerrainSampleAssets/ShaderGraphs/Subgraphs/Wind.shadersubgraph
  artifactKey: Guid(43040687acbef31438764c0a962e143f) Importer(2089858483,b0f066a214c2f5e87bad3c948f4d605d)
Start importing Assets/TerrainSampleAssets/ShaderGraphs/Subgraphs/Wind.shadersubgraph using Guid(43040687acbef31438764c0a962e143f) Importer(2089858483,b0f066a214c2f5e87bad3c948f4d605d) (ScriptedImporter) -> (artifact id: 'a3b7d8ed6bdfcc800ea5dd98a5644dac') in 0.042974 seconds
Number of updated asset objects reloaded before import = 0Number of asset objects unloaded after import = 1

========================================================================
Received Import Request.
  Time since last request: 0.000044 seconds.
  path: Assets/TerrainSampleAssets/Textures/Details/BushDry_BaseColor.tif
  artifactKey: Guid(a366a386d5147ee47b6111652608c240) Importer(2089858483,b0f066a214c2f5e87bad3c948f4d605d)
Start importing Assets/TerrainSampleAssets/Textures/Details/BushDry_BaseColor.tif using Guid(a366a386d5147ee47b6111652608c240) Importer(2089858483,b0f066a214c2f5e87bad3c948f4d605d) (ScriptedImporter) -> (artifact id: '2f2a6a894f8a93860b0bf6f841c123d3') in 0.0839762 seconds
Number of updated asset objects reloaded before import = 0Number of asset objects unloaded after import = 1

========================================================================
Received Import Request.
  Time since last request: 0.000051 seconds.
  path: Assets/my stuff/Iceberg/Ice normal.PNG
  artifactKey: Guid(305883b515fdf3f42b6060ed6d27c6d2) Importer(2089858483,b0f066a214c2f5e87bad3c948f4d605d)
Start importing Assets/my stuff/Iceberg/Ice normal.PNG using Guid(305883b515fdf3f42b6060ed6d27c6d2) Importer(2089858483,b0f066a214c2f5e87bad3c948f4d605d) (ScriptedImporter) -> (artifact id: '21d113b90ffce83e1b2b1e97682d3706') in 0.2952273 seconds
Number of updated asset objects reloaded before import = 0Number of asset objects unloaded after import = 1

========================================================================
Received Import Request.
  Time since last request: 0.000034 seconds.
  path: Assets/TerrainSampleAssets/Textures/Details/BushDry_Normal.tif
  artifactKey: Guid(03fe3ff010bcfb3418536e2f7896257b) Importer(2089858483,b0f066a214c2f5e87bad3c948f4d605d)
Start importing Assets/TerrainSampleAssets/Textures/Details/BushDry_Normal.tif using Guid(03fe3ff010bcfb3418536e2f7896257b) Importer(2089858483,b0f066a214c2f5e87bad3c948f4d605d) (ScriptedImporter) -> (artifact id: 'f0d8ae6b3d9a2e39c01410b91e96960b') in 0.0600192 seconds
Number of updated asset objects reloaded before import = 0Number of asset objects unloaded after import = 1

========================================================================
Received Import Request.
  Time since last request: 0.000034 seconds.
  path: Assets/TerrainSampleAssets/TerrainBrushes/Noise_Soft_Brush.brush
  artifactKey: Guid(cee96a2661edd1040b6f86ac79ab5fc8) Importer(2089858483,b0f066a214c2f5e87bad3c948f4d605d)
Start importing Assets/TerrainSampleAssets/TerrainBrushes/Noise_Soft_Brush.brush using Guid(cee96a2661edd1040b6f86ac79ab5fc8) Importer(2089858483,b0f066a214c2f5e87bad3c948f4d605d) (ScriptedImporter) -> (artifact id: 'bf4688901e7e31be60239c763bbb20ee') in 0.3937297 seconds
Number of updated asset objects reloaded before import = 0Number of asset objects unloaded after import = 2

========================================================================
Received Import Request.
  Time since last request: 0.000060 seconds.
  path: Assets/TerrainSampleAssets/Textures/Details/Bush_A_BaseColor.tif
  artifactKey: Guid(eb04da16cbc16c9488332336fb11b965) Importer(2089858483,b0f066a214c2f5e87bad3c948f4d605d)
Start importing Assets/TerrainSampleAssets/Textures/Details/Bush_A_BaseColor.tif using Guid(eb04da16cbc16c9488332336fb11b965) Importer(2089858483,b0f066a214c2f5e87bad3c948f4d605d) (ScriptedImporter) -> (artifact id: 'f40e1513404bb51eafc39e36de21483b') in 1.1251947 seconds
Number of updated asset objects reloaded before import = 0Number of asset objects unloaded after import = 1

========================================================================
Received Import Request.
  Time since last request: 0.000030 seconds.
  path: Assets/TextMesh Pro/Sprites/EmojiOne.png
  artifactKey: Guid(dffef66376be4fa480fb02b19edbe903) Importer(2089858483,b0f066a214c2f5e87bad3c948f4d605d)
Start importing Assets/TextMesh Pro/Sprites/EmojiOne.png using Guid(dffef66376be4fa480fb02b19edbe903) Importer(2089858483,b0f066a214c2f5e87bad3c948f4d605d) (ScriptedImporter) -> (artifact id: 'a0cb945906ed0fa416b7c06cdac162d0') in 0.0686039 seconds
Number of updated asset objects reloaded before import = 0Number of asset objects unloaded after import = 1

========================================================================
Received Import Request.
  Time since last request: 0.000035 seconds.
  path: Assets/TerrainSampleAssets/Textures/Details/Fern_BaseColor.tif
  artifactKey: Guid(f3661c5aa3d7dc141aebd059ea67047b) Importer(2089858483,b0f066a214c2f5e87bad3c948f4d605d)
Start importing Assets/TerrainSampleAssets/Textures/Details/Fern_BaseColor.tif using Guid(f3661c5aa3d7dc141aebd059ea67047b) Importer(2089858483,b0f066a214c2f5e87bad3c948f4d605d) (ScriptedImporter) -> (artifact id: '82204dccc0f8b56f5477e01283ab88ef') in 0.3736598 seconds
Number of updated asset objects reloaded before import = 0Number of asset objects unloaded after import = 1

========================================================================
Received Import Request.
  Time since last request: 0.000030 seconds.
  path: Assets/TerrainSampleAssets/Textures/Details/Fern_MaskMap.tif
  artifactKey: Guid(d5a7b708862dd0a449b4bccbefdd2335) Importer(2089858483,b0f066a214c2f5e87bad3c948f4d605d)
Start importing Assets/TerrainSampleAssets/Textures/Details/Fern_MaskMap.tif using Guid(d5a7b708862dd0a449b4bccbefdd2335) Importer(2089858483,b0f066a214c2f5e87bad3c948f4d605d) (ScriptedImporter) -> (artifact id: 'a246c6c22c5c975f984e9bdbbdd22e19') in 0.085328 seconds
Number of updated asset objects reloaded before import = 0Number of asset objects unloaded after import = 1

========================================================================
Received Import Request.
  Time since last request: 0.000054 seconds.
  path: Assets/TerrainSampleAssets/TerrainBrushes/Terrainstamp_Mountain01_Brush.brush
  artifactKey: Guid(87bcc148df475664181f323cf3b45e93) Importer(2089858483,b0f066a214c2f5e87bad3c948f4d605d)
Start importing Assets/TerrainSampleAssets/TerrainBrushes/Terrainstamp_Mountain01_Brush.brush using Guid(87bcc148df475664181f323cf3b45e93) Importer(2089858483,b0f066a214c2f5e87bad3c948f4d605d) (ScriptedImporter) -> (artifact id: '4863667584e7658964129a63be19c413') in 0.0872992 seconds
Number of updated asset objects reloaded before import = 0Number of asset objects unloaded after import = 2

========================================================================
Received Import Request.
  Time since last request: 0.000045 seconds.
  path: Assets/TerrainSampleAssets/Textures/Details/Fern_Thickness.tif
  artifactKey: Guid(daa49585c030643489dad5c6e4680dca) Importer(2089858483,b0f066a214c2f5e87bad3c948f4d605d)
Start importing Assets/TerrainSampleAssets/Textures/Details/Fern_Thickness.tif using Guid(daa49585c030643489dad5c6e4680dca) Importer(2089858483,b0f066a214c2f5e87bad3c948f4d605d) (ScriptedImporter) -> (artifact id: 'e9cd8f4725c1ec6eec8ff9ac976ee538') in 0.1327835 seconds
Number of updated asset objects reloaded before import = 0Number of asset objects unloaded after import = 1

========================================================================
Received Import Request.
  Time since last request: 0.000052 seconds.
  path: Assets/my stuff/Terrain/Terrain/TerrainData_6d4ef66c-4d01-4212-9518-c0a907598f54.asset
  artifactKey: Guid(b4643a6d5c740f249a4cffb5d0346b73) Importer(2089858483,b0f066a214c2f5e87bad3c948f4d605d)
Start importing Assets/my stuff/Terrain/Terrain/TerrainData_6d4ef66c-4d01-4212-9518-c0a907598f54.asset using Guid(b4643a6d5c740f249a4cffb5d0346b73) Importer(2089858483,b0f066a214c2f5e87bad3c948f4d605d) (ScriptedImporter) -> (artifact id: 'ae5aed96621d6b1bae784500153c3db9') in 0.0830877 seconds
Number of updated asset objects reloaded before import = 0Number of asset objects unloaded after import = 2

========================================================================
Received Import Request.
  Time since last request: 0.000033 seconds.
  path: Assets/TerrainSampleAssets/Textures/Details/GrassDry_MaskMap.tif
  artifactKey: Guid(d3cf4500414007c4c895584cfcf1fbc3) Importer(2089858483,b0f066a214c2f5e87bad3c948f4d605d)
Start importing Assets/TerrainSampleAssets/Textures/Details/GrassDry_MaskMap.tif using Guid(d3cf4500414007c4c895584cfcf1fbc3) Importer(2089858483,b0f066a214c2f5e87bad3c948f4d605d) (ScriptedImporter) -> (artifact id: '73610c904be10b1e4ea9b7996250fa51') in 0.369572 seconds
Number of updated asset objects reloaded before import = 0Number of asset objects unloaded after import = 1

========================================================================
Received Import Request.
  Time since last request: 0.000062 seconds.
  path: Assets/TextMesh Pro/Fonts/LiberationSans.ttf
  artifactKey: Guid(e3265ab4bf004d28a9537516768c1c75) Importer(2089858483,b0f066a214c2f5e87bad3c948f4d605d)
Start importing Assets/TextMesh Pro/Fonts/LiberationSans.ttf using Guid(e3265ab4bf004d28a9537516768c1c75) Importer(2089858483,b0f066a214c2f5e87bad3c948f4d605d) (ScriptedImporter) -> (artifact id: 'b0a673de348718e2aa3f5dfe21a560c4') in 0.1415191 seconds
Number of updated asset objects reloaded before import = 0Number of asset objects unloaded after import = 3

========================================================================
Received Import Request.
  Time since last request: 0.000045 seconds.
  path: Assets/TextMesh Pro/Shaders/TMP_SDF-Surface.shader
  artifactKey: Guid(f7ada0af4f174f0694ca6a487b8f543d) Importer(2089858483,b0f066a214c2f5e87bad3c948f4d605d)
Start importing Assets/TextMesh Pro/Shaders/TMP_SDF-Surface.shader using Guid(f7ada0af4f174f0694ca6a487b8f543d) Importer(2089858483,b0f066a214c2f5e87bad3c948f4d605d) (ScriptedImporter) -> (artifact id: 'b6862235b9fe5356c11c154097842dcd') in 0.0385232 seconds
Number of updated asset objects reloaded before import = 0Number of asset objects unloaded after import = 1

========================================================================
Received Import Request.
  Time since last request: 0.000042 seconds.
  path: Assets/my stuff/Terrain/Terrain/ice.mat
  artifactKey: Guid(dbb86fe4ca7e4414d8b0de911da202af) Importer(2089858483,b0f066a214c2f5e87bad3c948f4d605d)
Start importing Assets/my stuff/Terrain/Terrain/ice.mat using Guid(dbb86fe4ca7e4414d8b0de911da202af) Importer(2089858483,b0f066a214c2f5e87bad3c948f4d605d) (ScriptedImporter) -> (artifact id: '346386c2189ff3f4a8ca5a15c7f2b089') in 0.0396335 seconds
Number of updated asset objects reloaded before import = 0Number of asset objects unloaded after import = 7

========================================================================
Received Import Request.
  Time since last request: 0.000034 seconds.
  path: Assets/my stuff/Terrain/Terrain/TerrainData_4a9878e6-ce0e-477b-83da-24728735cc66.asset
  artifactKey: Guid(32a091ffe691d874c9fd8c97a48eeeb7) Importer(2089858483,b0f066a214c2f5e87bad3c948f4d605d)
Start importing Assets/my stuff/Terrain/Terrain/TerrainData_4a9878e6-ce0e-477b-83da-24728735cc66.asset using Guid(32a091ffe691d874c9fd8c97a48eeeb7) Importer(2089858483,b0f066a214c2f5e87bad3c948f4d605d) (ScriptedImporter) -> (artifact id: '3f034a6b4832806275f1ad4e1810b7f2') in 0.1423734 seconds
Number of updated asset objects reloaded before import = 0Number of asset objects unloaded after import = 1

========================================================================
Received Import Request.
  Time since last request: 0.000048 seconds.
  path: Assets/TerrainSampleAssets/Textures/Details/Grass_A_MaskMap.tif
  artifactKey: Guid(e9a1c1b060b9b2c4989233f1037f9d5d) Importer(2089858483,b0f066a214c2f5e87bad3c948f4d605d)
Start importing Assets/TerrainSampleAssets/Textures/Details/Grass_A_MaskMap.tif using Guid(e9a1c1b060b9b2c4989233f1037f9d5d) Importer(2089858483,b0f066a214c2f5e87bad3c948f4d605d) (ScriptedImporter) -> (artifact id: '08ff87026cac3c1ec4ff4cecce0aa260') in 0.0674934 seconds
Number of updated asset objects reloaded before import = 0Number of asset objects unloaded after import = 1

========================================================================
Received Import Request.
  Time since last request: 0.000110 seconds.
  path: Assets/my stuff/Terrain/Terrain/New Terrain.asset
  artifactKey: Guid(c7513dfd28cec2245947ac9607f7e692) Importer(2089858483,b0f066a214c2f5e87bad3c948f4d605d)
Start importing Assets/my stuff/Terrain/Terrain/New Terrain.asset using Guid(c7513dfd28cec2245947ac9607f7e692) Importer(2089858483,b0f066a214c2f5e87bad3c948f4d605d) (ScriptedImporter) -> (artifact id: 'd20d6b04e42eab010e3356ae20b33b44') in 0.0788777 seconds
Number of updated asset objects reloaded before import = 0Number of asset objects unloaded after import = 1

========================================================================
Received Import Request.
  Time since last request: 0.000051 seconds.
  path: Assets/TerrainSampleAssets/Textures/Details/Grass_A_Thickness.tif
  artifactKey: Guid(5bdbe53dce2414e458937234dce49479) Importer(2089858483,b0f066a214c2f5e87bad3c948f4d605d)
Start importing Assets/TerrainSampleAssets/Textures/Details/Grass_A_Thickness.tif using Guid(5bdbe53dce2414e458937234dce49479) Importer(2089858483,b0f066a214c2f5e87bad3c948f4d605d) (ScriptedImporter) -> (artifact id: 'b6a47a5fb9e38c5781472154b89e2e9c') in 0.2808895 seconds
Number of updated asset objects reloaded before import = 0Number of asset objects unloaded after import = 1

========================================================================
Received Import Request.
  Time since last request: 0.000046 seconds.
  path: Assets/TerrainSampleAssets/Textures/Details/Grass_C_BaseColor.tif
  artifactKey: Guid(696617d4dc7551d4cb58b7f30d022160) Importer(2089858483,b0f066a214c2f5e87bad3c948f4d605d)
Start importing Assets/TerrainSampleAssets/Textures/Details/Grass_C_BaseColor.tif using Guid(696617d4dc7551d4cb58b7f30d022160) Importer(2089858483,b0f066a214c2f5e87bad3c948f4d605d) (ScriptedImporter) -> (artifact id: '59c9948e7461fd55ae629c15c3383ebb') in 0.0996029 seconds
Number of updated asset objects reloaded before import = 0Number of asset objects unloaded after import = 1

========================================================================
Received Import Request.
  Time since last request: 0.000036 seconds.
  path: Assets/TerrainSampleAssets/Textures/Details/Grass_C_Normal.tif
  artifactKey: Guid(ec6838d3bd80287449a69dc40380ebc8) Importer(2089858483,b0f066a214c2f5e87bad3c948f4d605d)
Start importing Assets/TerrainSampleAssets/Textures/Details/Grass_C_Normal.tif using Guid(ec6838d3bd80287449a69dc40380ebc8) Importer(2089858483,b0f066a214c2f5e87bad3c948f4d605d) (ScriptedImporter) -> (artifact id: '257c0fe0619ef7cd88fedbada3ff3777') in 1.4891202 seconds
Number of updated asset objects reloaded before import = 0Number of asset objects unloaded after import = 1

========================================================================
Received Import Request.
  Time since last request: 0.000039 seconds.
  path: Assets/TerrainSampleAssets/Textures/Details/Grass_C_Thickness.tif
  artifactKey: Guid(5ac60e8e8739b1f4daeb70e1c662df49) Importer(2089858483,b0f066a214c2f5e87bad3c948f4d605d)
Start importing Assets/TerrainSampleAssets/Textures/Details/Grass_C_Thickness.tif using Guid(5ac60e8e8739b1f4daeb70e1c662df49) Importer(2089858483,b0f066a214c2f5e87bad3c948f4d605d) (ScriptedImporter) -> (artifact id: '704674178617f2b86e1777e3c59cf8cb') in 0.0848386 seconds
Number of updated asset objects reloaded before import = 0Number of asset objects unloaded after import = 1

========================================================================
Received Import Request.
  Time since last request: 0.000073 seconds.
  path: Assets/TerrainSampleAssets/Textures/Details/Heather_A_BaseColor.tif
  artifactKey: Guid(deb3a5099f3fc81408def7e176a5f5de) Importer(2089858483,b0f066a214c2f5e87bad3c948f4d605d)
Start importing Assets/TerrainSampleAssets/Textures/Details/Heather_A_BaseColor.tif using Guid(deb3a5099f3fc81408def7e176a5f5de) Importer(2089858483,b0f066a214c2f5e87bad3c948f4d605d) (ScriptedImporter) -> (artifact id: '154fe99be11220400bc178ba7bb331ff') in 0.0981489 seconds
Number of updated asset objects reloaded before import = 0Number of asset objects unloaded after import = 1

========================================================================
Received Import Request.
  Time since last request: 0.000033 seconds.
  path: Assets/TerrainSampleAssets/Textures/Details/Heather_A_MaskMap.tif
  artifactKey: Guid(2acdbd081c9f4e7448a4885ecf259aaf) Importer(2089858483,b0f066a214c2f5e87bad3c948f4d605d)
Start importing Assets/TerrainSampleAssets/Textures/Details/Heather_A_MaskMap.tif using Guid(2acdbd081c9f4e7448a4885ecf259aaf) Importer(2089858483,b0f066a214c2f5e87bad3c948f4d605d) (ScriptedImporter) -> (artifact id: 'd50ff8de96770e17bb521d1c920c48b5') in 0.086498 seconds
Number of updated asset objects reloaded before import = 0Number of asset objects unloaded after import = 1

========================================================================
Received Import Request.
  Time since last request: 0.000051 seconds.
  path: Assets/TerrainSampleAssets/ShaderGraphs/Subgraphs/MainLight.shadersubgraph
  artifactKey: Guid(22848ae0b35f9cb4f830ade382bd4f44) Importer(2089858483,b0f066a214c2f5e87bad3c948f4d605d)
Start importing Assets/TerrainSampleAssets/ShaderGraphs/Subgraphs/MainLight.shadersubgraph using Guid(22848ae0b35f9cb4f830ade382bd4f44) Importer(2089858483,b0f066a214c2f5e87bad3c948f4d605d) (ScriptedImporter) -> (artifact id: '00f481747ec5ea984d6e79aaa0220e5d') in 0.0832408 seconds
Number of updated asset objects reloaded before import = 0Number of asset objects unloaded after import = 1

========================================================================
Received Import Request.
  Time since last request: 0.000041 seconds.
  path: Assets/TextMesh Pro/Shaders/TMP_SDF-URP Lit.shadergraph
  artifactKey: Guid(a3d800b099a06e0478fb790c5e79057a) Importer(2089858483,b0f066a214c2f5e87bad3c948f4d605d)
Start importing Assets/TextMesh Pro/Shaders/TMP_SDF-URP Lit.shadergraph using Guid(a3d800b099a06e0478fb790c5e79057a) Importer(2089858483,b0f066a214c2f5e87bad3c948f4d605d) (ScriptedImporter) -> (artifact id: '3dc37ebbfff6196c83d0428a1efa51b9') in 0.1030775 seconds
Number of updated asset objects reloaded before import = 0Number of asset objects unloaded after import = 4

========================================================================
Received Import Request.
  Time since last request: 0.000040 seconds.
  path: Assets/TerrainSampleAssets/Textures/Details/Plant_BaseColor.tif
  artifactKey: Guid(2d6f4b0351691d54aadd4f4283b63025) Importer(2089858483,b0f066a214c2f5e87bad3c948f4d605d)
Start importing Assets/TerrainSampleAssets/Textures/Details/Plant_BaseColor.tif using Guid(2d6f4b0351691d54aadd4f4283b63025) Importer(2089858483,b0f066a214c2f5e87bad3c948f4d605d) (ScriptedImporter) -> (artifact id: '7ef88990a3a97e30d6d1ae78da365d67') in 0.0840148 seconds
Number of updated asset objects reloaded before import = 0Number of asset objects unloaded after import = 1

========================================================================
Received Import Request.
  Time since last request: 0.000044 seconds.
  path: Assets/TextMesh Pro/Shaders/TMP_SDF-Mobile Overlay.shader
  artifactKey: Guid(a02a7d8c237544f1962732b55a9aebf1) Importer(2089858483,b0f066a214c2f5e87bad3c948f4d605d)
Start importing Assets/TextMesh Pro/Shaders/TMP_SDF-Mobile Overlay.shader using Guid(a02a7d8c237544f1962732b55a9aebf1) Importer(2089858483,b0f066a214c2f5e87bad3c948f4d605d) (ScriptedImporter) -> (artifact id: '325eb4e5c8cc594da430152b298b072c') in 0.1782044 seconds
Number of updated asset objects reloaded before import = 0Number of asset objects unloaded after import = 1

========================================================================
Received Import Request.
  Time since last request: 0.000073 seconds.
  path: Assets/TerrainSampleAssets/Textures/Details/Plant_Normal.tif
  artifactKey: Guid(bcd36bed575f11d42bc048f705b8b6a5) Importer(2089858483,b0f066a214c2f5e87bad3c948f4d605d)
Start importing Assets/TerrainSampleAssets/Textures/Details/Plant_Normal.tif using Guid(bcd36bed575f11d42bc048f705b8b6a5) Importer(2089858483,b0f066a214c2f5e87bad3c948f4d605d) (ScriptedImporter) -> (artifact id: 'acdf7fb3b270bc680254ff6512a99225') in 3.5297782 seconds
Number of updated asset objects reloaded before import = 0Number of asset objects unloaded after import = 1

========================================================================
Received Import Request.
  Time since last request: 0.000047 seconds.
  path: Assets/TerrainSampleAssets/Textures/Details/GrassDry_Thickness.tif
  artifactKey: Guid(77efac6da14b90f48895b89d90b5ef3f) Importer(2089858483,b0f066a214c2f5e87bad3c948f4d605d)
Start importing Assets/TerrainSampleAssets/Textures/Details/GrassDry_Thickness.tif using Guid(77efac6da14b90f48895b89d90b5ef3f) Importer(2089858483,b0f066a214c2f5e87bad3c948f4d605d) (ScriptedImporter) -> (artifact id: 'c105e8a416724d026689c7f32add4c1f') in 0.229823 seconds
Number of updated asset objects reloaded before import = 0Number of asset objects unloaded after import = 1

========================================================================
Received Import Request.
  Time since last request: 0.000049 seconds.
  path: Assets/TerrainSampleAssets/Textures/Details/Grass_A_BaseColor.tif
  artifactKey: Guid(9bf68c6e5059e7549b60e91ca11987a6) Importer(2089858483,b0f066a214c2f5e87bad3c948f4d605d)
Start importing Assets/TerrainSampleAssets/Textures/Details/Grass_A_BaseColor.tif using Guid(9bf68c6e5059e7549b60e91ca11987a6) Importer(2089858483,b0f066a214c2f5e87bad3c948f4d605d) (ScriptedImporter) -> (artifact id: '91520a044e64fac68a94766d31183d55') in 0.3076128 seconds
Number of updated asset objects reloaded before import = 0Number of asset objects unloaded after import = 1

========================================================================
Received Import Request.
  Time since last request: 0.000037 seconds.
  path: Assets/TerrainSampleAssets/Textures/Heightmaps/Canyon02_Heightmap.tif
  artifactKey: Guid(4fe4d3241d435594b82a72af96e4052d) Importer(2089858483,b0f066a214c2f5e87bad3c948f4d605d)
Start importing Assets/TerrainSampleAssets/Textures/Heightmaps/Canyon02_Heightmap.tif using Guid(4fe4d3241d435594b82a72af96e4052d) Importer(2089858483,b0f066a214c2f5e87bad3c948f4d605d) (ScriptedImporter) -> (artifact id: '6cfe8b964f8f844f32530a88a4a024f5') in 0.1220615 seconds
Number of updated asset objects reloaded before import = 0Number of asset objects unloaded after import = 1

========================================================================
Received Import Request.
  Time since last request: 0.000042 seconds.
  path: Assets/TextMesh Pro/Shaders/TMP_Bitmap-Custom-Atlas.shader
  artifactKey: Guid(48bb5f55d8670e349b6e614913f9d910) Importer(2089858483,b0f066a214c2f5e87bad3c948f4d605d)
Start importing Assets/TextMesh Pro/Shaders/TMP_Bitmap-Custom-Atlas.shader using Guid(48bb5f55d8670e349b6e614913f9d910) Importer(2089858483,b0f066a214c2f5e87bad3c948f4d605d) (ScriptedImporter) -> (artifact id: 'fd51926a9f0737d99173d0dca14bb751') in 0.057388 seconds
Number of updated asset objects reloaded before import = 0Number of asset objects unloaded after import = 1

========================================================================
Received Import Request.
  Time since last request: 0.000033 seconds.
  path: Assets/my stuff/Terrain/Terrain/TerrainData_d873343f-60fe-4136-98a0-aa154f670e1d.asset
  artifactKey: Guid(4534e39cb10497c45a67332c0989db87) Importer(2089858483,b0f066a214c2f5e87bad3c948f4d605d)
Start importing Assets/my stuff/Terrain/Terrain/TerrainData_d873343f-60fe-4136-98a0-aa154f670e1d.asset using Guid(4534e39cb10497c45a67332c0989db87) Importer(2089858483,b0f066a214c2f5e87bad3c948f4d605d) (ScriptedImporter) -> (artifact id: '6a299b2b92f3720527caa8288f26b59d') in 1.0118611 seconds
Number of updated asset objects reloaded before import = 0Number of asset objects unloaded after import = 1

========================================================================
Received Import Request.
  Time since last request: 0.000337 seconds.
  path: Assets/TerrainSampleAssets/Textures/Heightmaps/Canyon05_Heightmap.tif
  artifactKey: Guid(3771b24b1afb4bd4d86e3ba795b65a32) Importer(2089858483,b0f066a214c2f5e87bad3c948f4d605d)
Start importing Assets/TerrainSampleAssets/Textures/Heightmaps/Canyon05_Heightmap.tif using Guid(3771b24b1afb4bd4d86e3ba795b65a32) Importer(2089858483,b0f066a214c2f5e87bad3c948f4d605d) (ScriptedImporter) -> (artifact id: '343d1b48846fd82e2caf97f2b462d136') in 0.0959684 seconds
Number of updated asset objects reloaded before import = 0Number of asset objects unloaded after import = 1

========================================================================
Received Import Request.
  Time since last request: 0.000633 seconds.
  path: Assets/TerrainSampleAssets/Textures/Heightmaps/Clouds_Heightmap.tif
  artifactKey: Guid(791ebe8a3d329b34ca7dc4616ec3cd34) Importer(2089858483,b0f066a214c2f5e87bad3c948f4d605d)
Start importing Assets/TerrainSampleAssets/Textures/Heightmaps/Clouds_Heightmap.tif using Guid(791ebe8a3d329b34ca7dc4616ec3cd34) Importer(2089858483,b0f066a214c2f5e87bad3c948f4d605d) (ScriptedImporter) -> (artifact id: 'f25e2a1e40f4b900ff4215e2928f565e') in 0.0971454 seconds
Number of updated asset objects reloaded before import = 0Number of asset objects unloaded after import = 1

========================================================================
Received Import Request.
  Time since last request: 0.000052 seconds.
  path: Assets/TerrainSampleAssets/TerrainLayers/Soil_Rocks_TerrainLayer.terrainlayer
  artifactKey: Guid(73f0b5ac607c28d4696a6dd09a1de66a) Importer(2089858483,b0f066a214c2f5e87bad3c948f4d605d)
Start importing Assets/TerrainSampleAssets/TerrainLayers/Soil_Rocks_TerrainLayer.terrainlayer using Guid(73f0b5ac607c28d4696a6dd09a1de66a) Importer(2089858483,b0f066a214c2f5e87bad3c948f4d605d) (ScriptedImporter) -> (artifact id: '6a09062733e96d7105e787dd1aefcd97') in 0.7155847 seconds
Number of updated asset objects reloaded before import = 0Number of asset objects unloaded after import = 4

========================================================================
Received Import Request.
  Time since last request: 0.000136 seconds.
  path: Assets/TerrainSampleAssets/Textures/Heightmaps/Cracked_Earth02_Heightmap.tif
  artifactKey: Guid(ce389a44803b703498159190bc7d48af) Importer(2089858483,b0f066a214c2f5e87bad3c948f4d605d)
Start importing Assets/TerrainSampleAssets/Textures/Heightmaps/Cracked_Earth02_Heightmap.tif using Guid(ce389a44803b703498159190bc7d48af) Importer(2089858483,b0f066a214c2f5e87bad3c948f4d605d) (ScriptedImporter) -> (artifact id: '42afc7de45dc65f60122ee2d919b3bf8') in 0.4790208 seconds
Number of updated asset objects reloaded before import = 0Number of asset objects unloaded after import = 1

========================================================================
Received Import Request.
  Time since last request: 0.000070 seconds.
  path: Assets/TerrainSampleAssets/Textures/Details/Heather_A_Normal.tif
  artifactKey: Guid(b5680c218e8592f489953c2723e3aac4) Importer(2089858483,b0f066a214c2f5e87bad3c948f4d605d)
Start importing Assets/TerrainSampleAssets/Textures/Details/Heather_A_Normal.tif using Guid(b5680c218e8592f489953c2723e3aac4) Importer(2089858483,b0f066a214c2f5e87bad3c948f4d605d) (ScriptedImporter) -> (artifact id: '2d7b7428245574c1add061191834254b') in 5.8757126 seconds
Number of updated asset objects reloaded before import = 0Number of asset objects unloaded after import = 1

========================================================================
Received Import Request.
  Time since last request: 0.000043 seconds.
  path: Assets/TextMesh Pro/Shaders/TMPro_Surface.cginc
  artifactKey: Guid(d930090c0cd643c7b55f19a38538c162) Importer(2089858483,b0f066a214c2f5e87bad3c948f4d605d)
Start importing Assets/TextMesh Pro/Shaders/TMPro_Surface.cginc using Guid(d930090c0cd643c7b55f19a38538c162) Importer(2089858483,b0f066a214c2f5e87bad3c948f4d605d) (ScriptedImporter) -> (artifact id: '1e0de0dbbc2a8cf486d31ca076ce3c63') in 0.0652288 seconds
Number of updated asset objects reloaded before import = 0Number of asset objects unloaded after import = 1

========================================================================
Received Import Request.
  Time since last request: 0.000054 seconds.
  path: Assets/TerrainSampleAssets/TerrainLayers/Tidal_Pools_TerrainLayer.terrainlayer
  artifactKey: Guid(b5fcb6edb24b4544dbcf0dad9462ee5b) Importer(2089858483,b0f066a214c2f5e87bad3c948f4d605d)
Start importing Assets/TerrainSampleAssets/TerrainLayers/Tidal_Pools_TerrainLayer.terrainlayer using Guid(b5fcb6edb24b4544dbcf0dad9462ee5b) Importer(2089858483,b0f066a214c2f5e87bad3c948f4d605d) (ScriptedImporter) -> (artifact id: 'ee6c3f4af09846def3a64f5d34bea169') in 0.208106 seconds
Number of updated asset objects reloaded before import = 0Number of asset objects unloaded after import = 4

========================================================================
Received Import Request.
  Time since last request: 0.000046 seconds.
  path: Assets/TerrainSampleAssets/Textures/Heightmaps/Flat_Mountain01_Heightmap.tif
  artifactKey: Guid(d2a704d1b2d8ad948aab36a028a684b5) Importer(2089858483,b0f066a214c2f5e87bad3c948f4d605d)
Start importing Assets/TerrainSampleAssets/Textures/Heightmaps/Flat_Mountain01_Heightmap.tif using Guid(d2a704d1b2d8ad948aab36a028a684b5) Importer(2089858483,b0f066a214c2f5e87bad3c948f4d605d) (ScriptedImporter) -> (artifact id: 'd668966494fecdfd8596c8f73bf35c07') in 0.1848921 seconds
Number of updated asset objects reloaded before import = 0Number of asset objects unloaded after import = 1

========================================================================
Received Import Request.
  Time since last request: 0.000077 seconds.
  path: Assets/TerrainSampleAssets/Textures/Heightmaps/Hills01_Heightmap.tiff
  artifactKey: Guid(0a9c4cb001d0620468e11a00fbe9e94e) Importer(2089858483,b0f066a214c2f5e87bad3c948f4d605d)
Start importing Assets/TerrainSampleAssets/Textures/Heightmaps/Hills01_Heightmap.tiff using Guid(0a9c4cb001d0620468e11a00fbe9e94e) Importer(2089858483,b0f066a214c2f5e87bad3c948f4d605d) (ScriptedImporter) -> (artifact id: '6794a31c9bd4967e95f08de8483dde1c') in 0.3301053 seconds
Number of updated asset objects reloaded before import = 0Number of asset objects unloaded after import = 1

========================================================================
Received Import Request.
  Time since last request: 0.000045 seconds.
  path: Assets/TerrainSampleAssets/Textures/Heightmaps/Errosion01_Heightmap.tif
  artifactKey: Guid(228af47692a8c7c49b93049646ac6c46) Importer(2089858483,b0f066a214c2f5e87bad3c948f4d605d)
Start importing Assets/TerrainSampleAssets/Textures/Heightmaps/Errosion01_Heightmap.tif using Guid(228af47692a8c7c49b93049646ac6c46) Importer(2089858483,b0f066a214c2f5e87bad3c948f4d605d) (ScriptedImporter) -> (artifact id: '612cc4ae5ac04a14bfb3f801492259c2') in 0.0778768 seconds
Number of updated asset objects reloaded before import = 0Number of asset objects unloaded after import = 1

========================================================================
Received Import Request.
  Time since last request: 0.000060 seconds.
  path: Assets/TerrainSampleAssets/Textures/Heightmaps/Island01_Heightmap.tif
  artifactKey: Guid(043a3cc82df9fb94aba4f90d2009efc7) Importer(2089858483,b0f066a214c2f5e87bad3c948f4d605d)
Start importing Assets/TerrainSampleAssets/Textures/Heightmaps/Island01_Heightmap.tif using Guid(043a3cc82df9fb94aba4f90d2009efc7) Importer(2089858483,b0f066a214c2f5e87bad3c948f4d605d) (ScriptedImporter) -> (artifact id: '3215913156af55b30956aebd4bb0a185') in 0.052648 seconds
Number of updated asset objects reloaded before import = 0Number of asset objects unloaded after import = 1

========================================================================
Received Import Request.
  Time since last request: 0.000042 seconds.
  path: Assets/TerrainSampleAssets/Textures/Heightmaps/Hills02_Heightmap.tiff
  artifactKey: Guid(0ae4396d11e334e4daf11922ac1f175f) Importer(2089858483,b0f066a214c2f5e87bad3c948f4d605d)
Start importing Assets/TerrainSampleAssets/Textures/Heightmaps/Hills02_Heightmap.tiff using Guid(0ae4396d11e334e4daf11922ac1f175f) Importer(2089858483,b0f066a214c2f5e87bad3c948f4d605d) (ScriptedImporter) -> (artifact id: '096cfb1ccbf2d8d3e0b96250549cfb48') in 0.3502198 seconds
Number of updated asset objects reloaded before import = 0Number of asset objects unloaded after import = 1

========================================================================
Received Import Request.
  Time since last request: 0.000055 seconds.
  path: Assets/TerrainSampleAssets/Textures/Heightmaps/Mountain01_Heightmap.tif
  artifactKey: Guid(6cfb129191988d84eafe31848415a233) Importer(2089858483,b0f066a214c2f5e87bad3c948f4d605d)
Start importing Assets/TerrainSampleAssets/Textures/Heightmaps/Mountain01_Heightmap.tif using Guid(6cfb129191988d84eafe31848415a233) Importer(2089858483,b0f066a214c2f5e87bad3c948f4d605d) (ScriptedImporter) -> (artifact id: '3b611667d31a20e408ac34d745e4f01a') in 0.1684366 seconds
Number of updated asset objects reloaded before import = 0Number of asset objects unloaded after import = 1

========================================================================
Received Import Request.
  Time since last request: 0.000049 seconds.
  path: Assets/TerrainSampleAssets/Textures/Heightmaps/Mountain03_Heightmap.tif
  artifactKey: Guid(eb8981774e4509b4ba09dcceaf8814d1) Importer(2089858483,b0f066a214c2f5e87bad3c948f4d605d)
Start importing Assets/TerrainSampleAssets/Textures/Heightmaps/Mountain03_Heightmap.tif using Guid(eb8981774e4509b4ba09dcceaf8814d1) Importer(2089858483,b0f066a214c2f5e87bad3c948f4d605d) (ScriptedImporter) -> (artifact id: '66aad39519f1d31a56ff09f1f5fd44ff') in 0.1155739 seconds
Number of updated asset objects reloaded before import = 0Number of asset objects unloaded after import = 1

========================================================================
Received Import Request.
  Time since last request: 0.000035 seconds.
  path: Assets/TextMesh Pro/Resources/LineBreaking Leading Characters.txt
  artifactKey: Guid(d82c1b31c7e74239bff1220585707d2b) Importer(2089858483,b0f066a214c2f5e87bad3c948f4d605d)
Start importing Assets/TextMesh Pro/Resources/LineBreaking Leading Characters.txt using Guid(d82c1b31c7e74239bff1220585707d2b) Importer(2089858483,b0f066a214c2f5e87bad3c948f4d605d) (ScriptedImporter) -> (artifact id: '0bc677aa81bd46e5fb37305c0b5bd4b1') in 0.1314956 seconds
Number of updated asset objects reloaded before import = 0Number of asset objects unloaded after import = 1

========================================================================
Received Import Request.
  Time since last request: 0.000027 seconds.
  path: Assets/my stuff/Terrain/Terrain/Ekstrahert Geirangerfjord fil.geotiff
  artifactKey: Guid(413cd7c52d51a3c428d1369fa62a59e3) Importer(2089858483,b0f066a214c2f5e87bad3c948f4d605d)
Start importing Assets/my stuff/Terrain/Terrain/Ekstrahert Geirangerfjord fil.geotiff using Guid(413cd7c52d51a3c428d1369fa62a59e3) Importer(2089858483,b0f066a214c2f5e87bad3c948f4d605d) (ScriptedImporter) -> (artifact id: '9e598c8ba5ceed67a33e2347f2e3d381') in 0.7307582 seconds
Number of updated asset objects reloaded before import = 0Number of asset objects unloaded after import = 2

========================================================================
Received Import Request.
  Time since last request: 0.000134 seconds.
  path: Assets/TerrainSampleAssets/Textures/Heightmaps/Mountain06_Heightmap.tif
  artifactKey: Guid(b44a453c2397af74cb81885989043518) Importer(2089858483,b0f066a214c2f5e87bad3c948f4d605d)
Start importing Assets/TerrainSampleAssets/Textures/Heightmaps/Mountain06_Heightmap.tif using Guid(b44a453c2397af74cb81885989043518) Importer(2089858483,b0f066a214c2f5e87bad3c948f4d605d) (ScriptedImporter) -> (artifact id: '35da685d20a7b16ce221b3a8da17ecc5') in 0.5854053 seconds
Number of updated asset objects reloaded before import = 0Number of asset objects unloaded after import = 1

========================================================================
Received Import Request.
  Time since last request: 0.000044 seconds.
  path: Assets/TerrainSampleAssets/Textures/Details/BushDry_Thickness.tif
  artifactKey: Guid(100a50e8b1d0bc04b95bc2f03cb760db) Importer(2089858483,b0f066a214c2f5e87bad3c948f4d605d)
Start importing Assets/TerrainSampleAssets/Textures/Details/BushDry_Thickness.tif using Guid(100a50e8b1d0bc04b95bc2f03cb760db) Importer(2089858483,b0f066a214c2f5e87bad3c948f4d605d) (ScriptedImporter) -> (artifact id: 'a23561271b21c2a4104bc96efebd9425') in 0.5876383 seconds
Number of updated asset objects reloaded before import = 0Number of asset objects unloaded after import = 1

========================================================================
Received Import Request.
  Time since last request: 0.000053 seconds.
  path: Assets/TerrainSampleAssets/Textures/Heightmaps/Mountain08_Heightmap.tif
  artifactKey: Guid(d5428cdc2df49fc4a9aa5bbbcfcfe0e0) Importer(2089858483,b0f066a214c2f5e87bad3c948f4d605d)
Start importing Assets/TerrainSampleAssets/Textures/Heightmaps/Mountain08_Heightmap.tif using Guid(d5428cdc2df49fc4a9aa5bbbcfcfe0e0) Importer(2089858483,b0f066a214c2f5e87bad3c948f4d605d) (ScriptedImporter) -> (artifact id: '1591a10b8b682320e595f2daaa8f4c3f') in 0.8789555 seconds
Number of updated asset objects reloaded before import = 0Number of asset objects unloaded after import = 1

========================================================================
Received Import Request.
  Time since last request: 0.000043 seconds.
  path: Assets/TerrainSampleAssets/Textures/Heightmaps/Mountain09_Heightmap.tiff
  artifactKey: Guid(c1873143642071347b9e3544696e5d6f) Importer(2089858483,b0f066a214c2f5e87bad3c948f4d605d)
Start importing Assets/TerrainSampleAssets/Textures/Heightmaps/Mountain09_Heightmap.tiff using Guid(c1873143642071347b9e3544696e5d6f) Importer(2089858483,b0f066a214c2f5e87bad3c948f4d605d) (ScriptedImporter) -> (artifact id: '0468e0c07fc4b8ccc3123012a05da7f4') in 0.1111794 seconds
Number of updated asset objects reloaded before import = 0Number of asset objects unloaded after import = 1

========================================================================
Received Import Request.
  Time since last request: 0.000042 seconds.
  path: Assets/TerrainSampleAssets/Textures/Heightmaps/Mountain10_Heightmap.tiff
  artifactKey: Guid(54acc9c7b90e7844c8110362dbe968ad) Importer(2089858483,b0f066a214c2f5e87bad3c948f4d605d)
Start importing Assets/TerrainSampleAssets/Textures/Heightmaps/Mountain10_Heightmap.tiff using Guid(54acc9c7b90e7844c8110362dbe968ad) Importer(2089858483,b0f066a214c2f5e87bad3c948f4d605d) (ScriptedImporter) -> (artifact id: '3e2006b13f243b40b8e8c9926f764250') in 0.0712629 seconds
Number of updated asset objects reloaded before import = 0Number of asset objects unloaded after import = 1

========================================================================
Received Import Request.
  Time since last request: 0.001180 seconds.
  path: Assets/TextMesh Pro/Shaders/TMP_SDF-Mobile.shader
  artifactKey: Guid(fe393ace9b354375a9cb14cdbbc28be4) Importer(2089858483,b0f066a214c2f5e87bad3c948f4d605d)
Start importing Assets/TextMesh Pro/Shaders/TMP_SDF-Mobile.shader using Guid(fe393ace9b354375a9cb14cdbbc28be4) Importer(2089858483,b0f066a214c2f5e87bad3c948f4d605d) (ScriptedImporter) -> (artifact id: '060ec61174bc7e147b4d8a5e0a2d3939') in 0.0382343 seconds
Number of updated asset objects reloaded before import = 0Number of asset objects unloaded after import = 1

========================================================================
Received Import Request.
  Time since last request: 0.000080 seconds.
  path: Assets/TerrainSampleAssets/Textures/Heightmaps/Plateau01_Heightmap.tif
  artifactKey: Guid(626e11c44313fda43a6979c9a04cd12e) Importer(2089858483,b0f066a214c2f5e87bad3c948f4d605d)
Start importing Assets/TerrainSampleAssets/Textures/Heightmaps/Plateau01_Heightmap.tif using Guid(626e11c44313fda43a6979c9a04cd12e) Importer(2089858483,b0f066a214c2f5e87bad3c948f4d605d) (ScriptedImporter) -> (artifact id: 'f8f3868ca812a4815aa3baf1a2192666') in 0.0604361 seconds
Number of updated asset objects reloaded before import = 0Number of asset objects unloaded after import = 1

========================================================================
Received Import Request.
  Time since last request: 0.000031 seconds.
  path: Assets/TerrainSampleAssets/Textures/Heightmaps/Mountain11_Heightmap.tiff
  artifactKey: Guid(70e652ab807bd5c4ca36dc57a1ed6339) Importer(2089858483,b0f066a214c2f5e87bad3c948f4d605d)
Start importing Assets/TerrainSampleAssets/Textures/Heightmaps/Mountain11_Heightmap.tiff using Guid(70e652ab807bd5c4ca36dc57a1ed6339) Importer(2089858483,b0f066a214c2f5e87bad3c948f4d605d) (ScriptedImporter) -> (artifact id: 'd83eaf33d2f6f93a69d2767b2e4ee83f') in 0.5656151 seconds
Number of updated asset objects reloaded before import = 0Number of asset objects unloaded after import = 1

========================================================================
Received Import Request.
  Time since last request: 0.000061 seconds.
  path: Assets/TerrainSampleAssets/ShaderGraphs/Subgraphs/RandomFromPosition.shadersubgraph
  artifactKey: Guid(1d3c53100af6f1c4b8e84deb9f652a6f) Importer(2089858483,b0f066a214c2f5e87bad3c948f4d605d)
Start importing Assets/TerrainSampleAssets/ShaderGraphs/Subgraphs/RandomFromPosition.shadersubgraph using Guid(1d3c53100af6f1c4b8e84deb9f652a6f) Importer(2089858483,b0f066a214c2f5e87bad3c948f4d605d) (ScriptedImporter) -> (artifact id: '64d06d797e62566e614ed85fad992605') in 0.0492907 seconds
Number of updated asset objects reloaded before import = 0Number of asset objects unloaded after import = 1

========================================================================
Received Import Request.
  Time since last request: 0.000034 seconds.
  path: Assets/TerrainSampleAssets/Textures/Heightmaps/Ridge01_Heightmap.tif
  artifactKey: Guid(2093015066086b94e9636a0e1f1344ea) Importer(2089858483,b0f066a214c2f5e87bad3c948f4d605d)
Start importing Assets/TerrainSampleAssets/Textures/Heightmaps/Ridge01_Heightmap.tif using Guid(2093015066086b94e9636a0e1f1344ea) Importer(2089858483,b0f066a214c2f5e87bad3c948f4d605d) (ScriptedImporter) -> (artifact id: 'e5f0cfc233d94ace8fe26c5b2609fcb8') in 0.180906 seconds
Number of updated asset objects reloaded before import = 0Number of asset objects unloaded after import = 1

========================================================================
Received Import Request.
  Time since last request: 0.000044 seconds.
  path: Assets/TerrainSampleAssets/Textures/Heightmaps/Ridge02_Heightmap.tif
  artifactKey: Guid(753f8aefff7f53945bb09d75656ba8de) Importer(2089858483,b0f066a214c2f5e87bad3c948f4d605d)
Start importing Assets/TerrainSampleAssets/Textures/Heightmaps/Ridge02_Heightmap.tif using Guid(753f8aefff7f53945bb09d75656ba8de) Importer(2089858483,b0f066a214c2f5e87bad3c948f4d605d) (ScriptedImporter) -> (artifact id: '8c28078a64f3b46172d8a4339d4305bb') in 0.114627 seconds
Number of updated asset objects reloaded before import = 0Number of asset objects unloaded after import = 1

========================================================================
Received Import Request.
  Time since last request: 0.000037 seconds.
  path: Assets/TerrainSampleAssets/Textures/Heightmaps/Ridge03_Heightmap.tif
  artifactKey: Guid(b1dadb884e92879469e470aba88f0096) Importer(2089858483,b0f066a214c2f5e87bad3c948f4d605d)
Start importing Assets/TerrainSampleAssets/Textures/Heightmaps/Ridge03_Heightmap.tif using Guid(b1dadb884e92879469e470aba88f0096) Importer(2089858483,b0f066a214c2f5e87bad3c948f4d605d) (ScriptedImporter) -> (artifact id: '01548070899cfc18363b83ce06e15c9e') in 0.2014445 seconds
Number of updated asset objects reloaded before import = 0Number of asset objects unloaded after import = 1

========================================================================
Received Import Request.
  Time since last request: 0.000045 seconds.
  path: Assets/TerrainSampleAssets/Textures/Heightmaps/Ridge04_Heightmap.tif
  artifactKey: Guid(440810c88740a8045949d48b489e443b) Importer(2089858483,b0f066a214c2f5e87bad3c948f4d605d)
Start importing Assets/TerrainSampleAssets/Textures/Heightmaps/Ridge04_Heightmap.tif using Guid(440810c88740a8045949d48b489e443b) Importer(2089858483,b0f066a214c2f5e87bad3c948f4d605d) (ScriptedImporter) -> (artifact id: 'c736b7494b1b79c8159433aaa99b3843') in 0.3843669 seconds
Number of updated asset objects reloaded before import = 0Number of asset objects unloaded after import = 1

========================================================================
Received Import Request.
  Time since last request: 0.000078 seconds.
  path: Assets/TerrainSampleAssets/TerrainLayers/Grass_Soil_TerrainLayer.terrainlayer
  artifactKey: Guid(62f82665abc6fbf4e8f7fa058cbd8d6c) Importer(2089858483,b0f066a214c2f5e87bad3c948f4d605d)
Start importing Assets/TerrainSampleAssets/TerrainLayers/Grass_Soil_TerrainLayer.terrainlayer using Guid(62f82665abc6fbf4e8f7fa058cbd8d6c) Importer(2089858483,b0f066a214c2f5e87bad3c948f4d605d) (ScriptedImporter) -> (artifact id: '310158d03dbbc794ef092902f5506c06') in 3.114425 seconds
Number of updated asset objects reloaded before import = 0Number of asset objects unloaded after import = 4

========================================================================
Received Import Request.
  Time since last request: 0.000068 seconds.
  path: Assets/TutorialInfo/Scripts/Readme.cs
  artifactKey: Guid(fcf7219bab7fe46a1ad266029b2fee19) Importer(2089858483,b0f066a214c2f5e87bad3c948f4d605d)
Start importing Assets/TutorialInfo/Scripts/Readme.cs using Guid(fcf7219bab7fe46a1ad266029b2fee19) Importer(2089858483,b0f066a214c2f5e87bad3c948f4d605d) (ScriptedImporter) -> (artifact id: '89583b60a183bb24f2c98f584b0083a7') in 0.0420136 seconds
Number of updated asset objects reloaded before import = 0Number of asset objects unloaded after import = 0

========================================================================
Received Import Request.
  Time since last request: 0.000031 seconds.
  path: Assets/TerrainSampleAssets/Textures/Heightmaps/Ridge_Edge01_Heightmap.tif
  artifactKey: Guid(b38901ae2e7149540aaa7fe2697aba3e) Importer(2089858483,b0f066a214c2f5e87bad3c948f4d605d)
Start importing Assets/TerrainSampleAssets/Textures/Heightmaps/Ridge_Edge01_Heightmap.tif using Guid(b38901ae2e7149540aaa7fe2697aba3e) Importer(2089858483,b0f066a214c2f5e87bad3c948f4d605d) (ScriptedImporter) -> (artifact id: '122e6d0f04fbe4b42f0608a596f90d2f') in 0.4030592 seconds
Number of updated asset objects reloaded before import = 0Number of asset objects unloaded after import = 1

========================================================================
Received Import Request.
  Time since last request: 0.000051 seconds.
  path: Assets/TerrainSampleAssets/Textures/Details/Bush_A_MaskMap.tif
  artifactKey: Guid(0e1771a5cd057014db71494d5a458d40) Importer(2089858483,b0f066a214c2f5e87bad3c948f4d605d)
Start importing Assets/TerrainSampleAssets/Textures/Details/Bush_A_MaskMap.tif using Guid(0e1771a5cd057014db71494d5a458d40) Importer(2089858483,b0f066a214c2f5e87bad3c948f4d605d) (ScriptedImporter) -> (artifact id: 'a039e78546f990b9b9aa4f22e9e36d7d') in 1.7811103 seconds
Number of updated asset objects reloaded before import = 0Number of asset objects unloaded after import = 1

========================================================================
Received Import Request.
  Time since last request: 0.000041 seconds.
  path: Assets/TerrainSampleAssets/Textures/Heightmaps/Slope01_Heightmap.tiff
  artifactKey: Guid(ef9c4dc3cb0fed644b548b70ef4f61a8) Importer(2089858483,b0f066a214c2f5e87bad3c948f4d605d)
Start importing Assets/TerrainSampleAssets/Textures/Heightmaps/Slope01_Heightmap.tiff using Guid(ef9c4dc3cb0fed644b548b70ef4f61a8) Importer(2089858483,b0f066a214c2f5e87bad3c948f4d605d) (ScriptedImporter) -> (artifact id: '74df7733a292a7f41176becbf74b815e') in 0.3271563 seconds
Number of updated asset objects reloaded before import = 0Number of asset objects unloaded after import = 1

========================================================================
Received Import Request.
  Time since last request: 0.000060 seconds.
  path: Assets/TerrainSampleAssets/Textures/Heightmaps/Plateau03_Heightmap.tif
  artifactKey: Guid(116d48bc82e4c0a4683cbd79927b4596) Importer(2089858483,b0f066a214c2f5e87bad3c948f4d605d)
Start importing Assets/TerrainSampleAssets/Textures/Heightmaps/Plateau03_Heightmap.tif using Guid(116d48bc82e4c0a4683cbd79927b4596) Importer(2089858483,b0f066a214c2f5e87bad3c948f4d605d) (ScriptedImporter) -> (artifact id: 'b1af368b64835dae9a95721af9aec88b') in 0.6994222 seconds
Number of updated asset objects reloaded before import = 0Number of asset objects unloaded after import = 1

========================================================================
Received Import Request.
  Time since last request: 0.000029 seconds.
  path: Assets/TerrainSampleAssets/TerrainLayers/depositphotos_12319486-stock-photo-ice-texture-1932646415.jpg
  artifactKey: Guid(53f11bccb3a40e5479c1a646a4e13337) Importer(2089858483,b0f066a214c2f5e87bad3c948f4d605d)
Start importing Assets/TerrainSampleAssets/TerrainLayers/depositphotos_12319486-stock-photo-ice-texture-1932646415.jpg using Guid(53f11bccb3a40e5479c1a646a4e13337) Importer(2089858483,b0f066a214c2f5e87bad3c948f4d605d) (ScriptedImporter) -> (artifact id: 'cadd1c0468371ac7468315d4a1386c08') in 0.0919992 seconds
Number of updated asset objects reloaded before import = 0Number of asset objects unloaded after import = 1

========================================================================
Received Import Request.
  Time since last request: 0.000040 seconds.
  path: Assets/TerrainSampleAssets/Textures/Heightmaps/Slope04_Heightmap.tiff
  artifactKey: Guid(bac2ee7bfc3dea8438d082adcfe5219b) Importer(2089858483,b0f066a214c2f5e87bad3c948f4d605d)
Start importing Assets/TerrainSampleAssets/Textures/Heightmaps/Slope04_Heightmap.tiff using Guid(bac2ee7bfc3dea8438d082adcfe5219b) Importer(2089858483,b0f066a214c2f5e87bad3c948f4d605d) (ScriptedImporter) -> (artifact id: 'ddca30cd0e8efec95e0e17758051465b') in 0.0684646 seconds
Number of updated asset objects reloaded before import = 0Number of asset objects unloaded after import = 1

========================================================================
Received Import Request.
  Time since last request: 0.000037 seconds.
  path: Assets/TextMesh Pro/Shaders/SDFFunctions.hlsl
  artifactKey: Guid(96de908384869cd409c75efa351d5edf) Importer(2089858483,b0f066a214c2f5e87bad3c948f4d605d)
Start importing Assets/TextMesh Pro/Shaders/SDFFunctions.hlsl using Guid(96de908384869cd409c75efa351d5edf) Importer(2089858483,b0f066a214c2f5e87bad3c948f4d605d) (ScriptedImporter) -> (artifact id: '8e0604ab08f1609cc3c37f149b9a222f') in 0.3536567 seconds
Number of updated asset objects reloaded before import = 0Number of asset objects unloaded after import = 1

========================================================================
Received Import Request.
  Time since last request: 0.000048 seconds.
  path: Assets/TerrainSampleAssets/Textures/Heightmaps/Volcano01_Heightmap.tif
  artifactKey: Guid(363319f155d126f42babcdde1483c92d) Importer(2089858483,b0f066a214c2f5e87bad3c948f4d605d)
Start importing Assets/TerrainSampleAssets/Textures/Heightmaps/Volcano01_Heightmap.tif using Guid(363319f155d126f42babcdde1483c92d) Importer(2089858483,b0f066a214c2f5e87bad3c948f4d605d) (ScriptedImporter) -> (artifact id: '0f2872eafff6cda29bd64b6523d3576f') in 0.7954688 seconds
Number of updated asset objects reloaded before import = 0Number of asset objects unloaded after import = 1

========================================================================
Received Import Request.
  Time since last request: 0.000031 seconds.
  path: Assets/TerrainSampleAssets/Textures/Heightmaps/Volcano02_Heightmap.tif
  artifactKey: Guid(bd916b355f53ab144901eeb862a0be0b) Importer(2089858483,b0f066a214c2f5e87bad3c948f4d605d)
Start importing Assets/TerrainSampleAssets/Textures/Heightmaps/Volcano02_Heightmap.tif using Guid(bd916b355f53ab144901eeb862a0be0b) Importer(2089858483,b0f066a214c2f5e87bad3c948f4d605d) (ScriptedImporter) -> (artifact id: 'db1a2e4c50b9ffb05025c0310007404b') in 0.7871762 seconds
Number of updated asset objects reloaded before import = 0Number of asset objects unloaded after import = 1

========================================================================
Received Import Request.
  Time since last request: 0.000075 seconds.
  path: Assets/TerrainSampleAssets/Textures/Terrain/Black_Sand_BaseColor.tif
  artifactKey: Guid(0b59c495bf285c442b1b799c94a9f8aa) Importer(2089858483,b0f066a214c2f5e87bad3c948f4d605d)
Start importing Assets/TerrainSampleAssets/Textures/Terrain/Black_Sand_BaseColor.tif using Guid(0b59c495bf285c442b1b799c94a9f8aa) Importer(2089858483,b0f066a214c2f5e87bad3c948f4d605d) (ScriptedImporter) -> (artifact id: '6351e014e7c1f7eb4a9776ff0d438958') in 0.144716 seconds
Number of updated asset objects reloaded before import = 0Number of asset objects unloaded after import = 1

========================================================================
Received Import Request.
  Time since last request: 0.000303 seconds.
  path: Assets/TerrainSampleAssets/Textures/Details/GrassDry_BaseColor.tif
  artifactKey: Guid(3785d5abd275c7147a10aa4bf8720df4) Importer(2089858483,b0f066a214c2f5e87bad3c948f4d605d)
Start importing Assets/TerrainSampleAssets/Textures/Details/GrassDry_BaseColor.tif using Guid(3785d5abd275c7147a10aa4bf8720df4) Importer(2089858483,b0f066a214c2f5e87bad3c948f4d605d) (ScriptedImporter) -> (artifact id: '702bde6e44d26a4c5c86ab4d18d33247') in 0.1163381 seconds
Number of updated asset objects reloaded before import = 0Number of asset objects unloaded after import = 1

========================================================================
Received Import Request.
  Time since last request: 0.000098 seconds.
  path: Assets/TerrainSampleAssets/Textures/Terrain/Black_Sand_Normal.tif
  artifactKey: Guid(28a478660ea9d9541b2118c5e95cbb4e) Importer(2089858483,b0f066a214c2f5e87bad3c948f4d605d)
Start importing Assets/TerrainSampleAssets/Textures/Terrain/Black_Sand_Normal.tif using Guid(28a478660ea9d9541b2118c5e95cbb4e) Importer(2089858483,b0f066a214c2f5e87bad3c948f4d605d) (ScriptedImporter) -> (artifact id: '90650276d49878d22961d3250172a7d6') in 0.3493308 seconds
Number of updated asset objects reloaded before import = 0Number of asset objects unloaded after import = 1

========================================================================
Received Import Request.
  Time since last request: 0.000051 seconds.
  path: Assets/TerrainSampleAssets/Textures/Terrain/Grass_A_BaseColor.tif
  artifactKey: Guid(b39336e67b68db14aa4a8a7f883e5aff) Importer(2089858483,b0f066a214c2f5e87bad3c948f4d605d)
Start importing Assets/TerrainSampleAssets/Textures/Terrain/Grass_A_BaseColor.tif using Guid(b39336e67b68db14aa4a8a7f883e5aff) Importer(2089858483,b0f066a214c2f5e87bad3c948f4d605d) (ScriptedImporter) -> (artifact id: '9af23c29a1fe31af40b79be3d903f0b6') in 0.1311459 seconds
Number of updated asset objects reloaded before import = 0Number of asset objects unloaded after import = 1

========================================================================
Received Import Request.
  Time since last request: 0.001514 seconds.
  path: Assets/TerrainSampleAssets/Textures/Details/BushDry_MaskMap.tif
  artifactKey: Guid(ba5d550271efae04b84eeb0e550be656) Importer(2089858483,b0f066a214c2f5e87bad3c948f4d605d)
Start importing Assets/TerrainSampleAssets/Textures/Details/BushDry_MaskMap.tif using Guid(ba5d550271efae04b84eeb0e550be656) Importer(2089858483,b0f066a214c2f5e87bad3c948f4d605d) (ScriptedImporter) -> (artifact id: 'b5042f9e9ed46281a805c9ada396d352') in 0.5728054 seconds
Number of updated asset objects reloaded before import = 0Number of asset objects unloaded after import = 1

========================================================================
Received Import Request.
  Time since last request: 0.000070 seconds.
  path: Assets/TerrainSampleAssets/Textures/Terrain/Grass_A_Normal.tif
  artifactKey: Guid(a8a2fc863627f464e838ba616a1d5789) Importer(2089858483,b0f066a214c2f5e87bad3c948f4d605d)
Start importing Assets/TerrainSampleAssets/Textures/Terrain/Grass_A_Normal.tif using Guid(a8a2fc863627f464e838ba616a1d5789) Importer(2089858483,b0f066a214c2f5e87bad3c948f4d605d) (ScriptedImporter) -> (artifact id: '2905765db0dde1f9e43bea082e610ad4') in 0.0797282 seconds
Number of updated asset objects reloaded before import = 0Number of asset objects unloaded after import = 1

========================================================================
Received Import Request.
  Time since last request: 0.000057 seconds.
  path: Assets/TerrainSampleAssets/Textures/Details/Plant_Thickness.tif
  artifactKey: Guid(eb0c8b2f7b0da9944ae8e4156f2ec349) Importer(2089858483,b0f066a214c2f5e87bad3c948f4d605d)
Start importing Assets/TerrainSampleAssets/Textures/Details/Plant_Thickness.tif using Guid(eb0c8b2f7b0da9944ae8e4156f2ec349) Importer(2089858483,b0f066a214c2f5e87bad3c948f4d605d) (ScriptedImporter) -> (artifact id: 'baf196c8557c6117b715ff4289144df2') in 0.2746292 seconds
Number of updated asset objects reloaded before import = 0Number of asset objects unloaded after import = 1

========================================================================
Received Import Request.
  Time since last request: 0.000037 seconds.
  path: Assets/TerrainSampleAssets/Textures/Terrain/Grass_B_MaskMap.tif
  artifactKey: Guid(0f48eac8617d0de4cbc056e1734e798b) Importer(2089858483,b0f066a214c2f5e87bad3c948f4d605d)
Start importing Assets/TerrainSampleAssets/Textures/Terrain/Grass_B_MaskMap.tif using Guid(0f48eac8617d0de4cbc056e1734e798b) Importer(2089858483,b0f066a214c2f5e87bad3c948f4d605d) (ScriptedImporter) -> (artifact id: 'b857b3062385c1d7d1e552e5e5f9e636') in 0.0725991 seconds
Number of updated asset objects reloaded before import = 0Number of asset objects unloaded after import = 1

========================================================================
Received Import Request.
  Time since last request: 0.000051 seconds.
  path: Assets/TerrainSampleAssets/Textures/Terrain/Grass_B_Normal.tif
  artifactKey: Guid(eb70932bab3d971408c011dbb45767a9) Importer(2089858483,b0f066a214c2f5e87bad3c948f4d605d)
Start importing Assets/TerrainSampleAssets/Textures/Terrain/Grass_B_Normal.tif using Guid(eb70932bab3d971408c011dbb45767a9) Importer(2089858483,b0f066a214c2f5e87bad3c948f4d605d) (ScriptedImporter) -> (artifact id: 'bec592de09850d1c55e212fd18724d64') in 0.13474 seconds
Number of updated asset objects reloaded before import = 0Number of asset objects unloaded after import = 1

========================================================================
Received Import Request.
  Time since last request: 0.000031 seconds.
  path: Assets/TerrainSampleAssets/Textures/Terrain/Grass_Dry_BaseColor.tif
  artifactKey: Guid(7e6fff2112f33d748962082012d11cce) Importer(2089858483,b0f066a214c2f5e87bad3c948f4d605d)
Start importing Assets/TerrainSampleAssets/Textures/Terrain/Grass_Dry_BaseColor.tif using Guid(7e6fff2112f33d748962082012d11cce) Importer(2089858483,b0f066a214c2f5e87bad3c948f4d605d) (ScriptedImporter) -> (artifact id: 'daabb88cfd3a2e862a02221088fccd8d') in 0.303249 seconds
Number of updated asset objects reloaded before import = 0Number of asset objects unloaded after import = 1

========================================================================
Received Import Request.
  Time since last request: 0.000064 seconds.
  path: Assets/TerrainSampleAssets/Textures/Terrain/Grass_Dry_MaskMap.tif
  artifactKey: Guid(9f2c593ad6e69ad4ab880e57ce9b69d6) Importer(2089858483,b0f066a214c2f5e87bad3c948f4d605d)
Start importing Assets/TerrainSampleAssets/Textures/Terrain/Grass_Dry_MaskMap.tif using Guid(9f2c593ad6e69ad4ab880e57ce9b69d6) Importer(2089858483,b0f066a214c2f5e87bad3c948f4d605d) (ScriptedImporter) -> (artifact id: '601632724867be8c4d45e3b1f299298c') in 0.1213489 seconds
Number of updated asset objects reloaded before import = 0Number of asset objects unloaded after import = 1

========================================================================
Received Import Request.
  Time since last request: 0.000107 seconds.
  path: Assets/TerrainSampleAssets/Textures/Terrain/Grass_Dry_Normal.tif
  artifactKey: Guid(d835c61db4c94444eabef9cf95e8a7c4) Importer(2089858483,b0f066a214c2f5e87bad3c948f4d605d)
Start importing Assets/TerrainSampleAssets/Textures/Terrain/Grass_Dry_Normal.tif using Guid(d835c61db4c94444eabef9cf95e8a7c4) Importer(2089858483,b0f066a214c2f5e87bad3c948f4d605d) (ScriptedImporter) -> (artifact id: '100348aed645c92497efdf9038ece9f4') in 0.172039 seconds
Number of updated asset objects reloaded before import = 0Number of asset objects unloaded after import = 1

========================================================================
Received Import Request.
  Time since last request: 0.000077 seconds.
  path: Assets/TerrainSampleAssets/Textures/Terrain/Grass_Moss_BaseColor.tif
  artifactKey: Guid(d44cec25420524046b0137655ed7f307) Importer(2089858483,b0f066a214c2f5e87bad3c948f4d605d)
Start importing Assets/TerrainSampleAssets/Textures/Terrain/Grass_Moss_BaseColor.tif using Guid(d44cec25420524046b0137655ed7f307) Importer(2089858483,b0f066a214c2f5e87bad3c948f4d605d) (ScriptedImporter) -> (artifact id: '0431acf1b0b211225edb9a8b67085833') in 0.0978637 seconds
Number of updated asset objects reloaded before import = 0Number of asset objects unloaded after import = 1

========================================================================
Received Import Request.
  Time since last request: 0.000088 seconds.
  path: Assets/TerrainSampleAssets/Textures/Terrain/Grass_Moss_MaskMap.tif
  artifactKey: Guid(2d41276a33f8bc949b93fed615e212c4) Importer(2089858483,b0f066a214c2f5e87bad3c948f4d605d)
Start importing Assets/TerrainSampleAssets/Textures/Terrain/Grass_Moss_MaskMap.tif using Guid(2d41276a33f8bc949b93fed615e212c4) Importer(2089858483,b0f066a214c2f5e87bad3c948f4d605d) (ScriptedImporter) -> (artifact id: '7db3a7f9141108174527ebfefd6c799f') in 0.0996414 seconds
Number of updated asset objects reloaded before import = 0Number of asset objects unloaded after import = 1

========================================================================
Received Import Request.
  Time since last request: 0.000044 seconds.
  path: Assets/TerrainSampleAssets/Textures/Heightmaps/Mountain04_Heightmap.tif
  artifactKey: Guid(a1f4f845b9208d64a95cc6177a9b2abc) Importer(2089858483,b0f066a214c2f5e87bad3c948f4d605d)
Start importing Assets/TerrainSampleAssets/Textures/Heightmaps/Mountain04_Heightmap.tif using Guid(a1f4f845b9208d64a95cc6177a9b2abc) Importer(2089858483,b0f066a214c2f5e87bad3c948f4d605d) (ScriptedImporter) -> (artifact id: 'e53f0a6ffac635591d1169cc01f296a7') in 0.126974 seconds
Number of updated asset objects reloaded before import = 0Number of asset objects unloaded after import = 1

========================================================================
Received Import Request.
  Time since last request: 0.000036 seconds.
  path: Assets/TerrainSampleAssets/Textures/Heightmaps/Ridge06_Heightmap.tif
  artifactKey: Guid(deb3fcdbaaa2cf64f90d5a341ffd9939) Importer(2089858483,b0f066a214c2f5e87bad3c948f4d605d)
Start importing Assets/TerrainSampleAssets/Textures/Heightmaps/Ridge06_Heightmap.tif using Guid(deb3fcdbaaa2cf64f90d5a341ffd9939) Importer(2089858483,b0f066a214c2f5e87bad3c948f4d605d) (ScriptedImporter) -> (artifact id: '288ba9bc5449b303325f723c8c16e48a') in 0.129264 seconds
Number of updated asset objects reloaded before import = 0Number of asset objects unloaded after import = 1

========================================================================
Received Import Request.
  Time since last request: 0.000049 seconds.
  path: Assets/TerrainSampleAssets/Textures/Terrain/Grass_Soil_MaskMap.tif
  artifactKey: Guid(61a6ad6be0be2b444addf88107c0fda2) Importer(2089858483,b0f066a214c2f5e87bad3c948f4d605d)
Start importing Assets/TerrainSampleAssets/Textures/Terrain/Grass_Soil_MaskMap.tif using Guid(61a6ad6be0be2b444addf88107c0fda2) Importer(2089858483,b0f066a214c2f5e87bad3c948f4d605d) (ScriptedImporter) -> (artifact id: '0e5a4a05cbbb2358769c63d210cb9519') in 0.0707743 seconds
Number of updated asset objects reloaded before import = 0Number of asset objects unloaded after import = 1

========================================================================
Received Import Request.
  Time since last request: 0.000041 seconds.
  path: Assets/TerrainSampleAssets/Textures/Terrain/Grass_Soil_Normal.tif
  artifactKey: Guid(b5fff5575723f4a40bfa0f147cb9c27f) Importer(2089858483,b0f066a214c2f5e87bad3c948f4d605d)
Start importing Assets/TerrainSampleAssets/Textures/Terrain/Grass_Soil_Normal.tif using Guid(b5fff5575723f4a40bfa0f147cb9c27f) Importer(2089858483,b0f066a214c2f5e87bad3c948f4d605d) (ScriptedImporter) -> (artifact id: 'e2efb4463dba6a19e1dd7854f5b655b3') in 0.2354486 seconds
Number of updated asset objects reloaded before import = 0Number of asset objects unloaded after import = 1

========================================================================
Received Import Request.
  Time since last request: 0.000086 seconds.
  path: Assets/TerrainSampleAssets/Textures/Terrain/Heather_BaseColor.tif
  artifactKey: Guid(87735acf16005914dba9087627517773) Importer(2089858483,b0f066a214c2f5e87bad3c948f4d605d)
Start importing Assets/TerrainSampleAssets/Textures/Terrain/Heather_BaseColor.tif using Guid(87735acf16005914dba9087627517773) Importer(2089858483,b0f066a214c2f5e87bad3c948f4d605d) (ScriptedImporter) -> (artifact id: '0d1fb34a491b3488492d2955ec7308f3') in 0.2222 seconds
Number of updated asset objects reloaded before import = 0Number of asset objects unloaded after import = 1

========================================================================
Received Import Request.
  Time since last request: 0.000033 seconds.
  path: Assets/my stuff/Plane material.mat
  artifactKey: Guid(bf514d4b671335b4fb2af575e78710b8) Importer(2089858483,b0f066a214c2f5e87bad3c948f4d605d)
Start importing Assets/my stuff/Plane material.mat using Guid(bf514d4b671335b4fb2af575e78710b8) Importer(2089858483,b0f066a214c2f5e87bad3c948f4d605d) (ScriptedImporter) -> (artifact id: '410d634274df0b3883c5e8e6d4867a1b') in 0.0695271 seconds
Number of updated asset objects reloaded before import = 0Number of asset objects unloaded after import = 1

========================================================================
Received Import Request.
  Time since last request: 0.000063 seconds.
  path: Assets/TerrainSampleAssets/Textures/Terrain/Heather_Normal.tif
  artifactKey: Guid(c8b8fa1b153cfd3428c4c5c2fded152e) Importer(2089858483,b0f066a214c2f5e87bad3c948f4d605d)
Start importing Assets/TerrainSampleAssets/Textures/Terrain/Heather_Normal.tif using Guid(c8b8fa1b153cfd3428c4c5c2fded152e) Importer(2089858483,b0f066a214c2f5e87bad3c948f4d605d) (ScriptedImporter) -> (artifact id: 'e8718ce96dd7552708df23fbed9bef74') in 0.0881272 seconds
Number of updated asset objects reloaded before import = 0Number of asset objects unloaded after import = 1

========================================================================
Received Import Request.
  Time since last request: 0.000035 seconds.
  path: Assets/TerrainSampleAssets/Textures/Terrain/Muddy_BaseColor.tif
  artifactKey: Guid(311fa94216ea77342a20e99b01ed6e69) Importer(2089858483,b0f066a214c2f5e87bad3c948f4d605d)
Start importing Assets/TerrainSampleAssets/Textures/Terrain/Muddy_BaseColor.tif using Guid(311fa94216ea77342a20e99b01ed6e69) Importer(2089858483,b0f066a214c2f5e87bad3c948f4d605d) (ScriptedImporter) -> (artifact id: '86af5baa479cc5e6df61d4568bb37920') in 0.116934 seconds
Number of updated asset objects reloaded before import = 0Number of asset objects unloaded after import = 1

========================================================================
Received Import Request.
  Time since last request: 0.000047 seconds.
  path: Assets/TerrainSampleAssets/Textures/Details/Grass_C_MaskMap.tif
  artifactKey: Guid(20e5036a7508c01479cdb7338b1c86cc) Importer(2089858483,b0f066a214c2f5e87bad3c948f4d605d)
Start importing Assets/TerrainSampleAssets/Textures/Details/Grass_C_MaskMap.tif using Guid(20e5036a7508c01479cdb7338b1c86cc) Importer(2089858483,b0f066a214c2f5e87bad3c948f4d605d) (ScriptedImporter) -> (artifact id: '200f0c522f9aed0a47142079f84a978a') in 0.1645179 seconds
Number of updated asset objects reloaded before import = 0Number of asset objects unloaded after import = 1

========================================================================
Received Import Request.
  Time since last request: 0.000031 seconds.
  path: Assets/TerrainSampleAssets/Textures/Terrain/Muddy_Normal.tif
  artifactKey: Guid(86f7d07dde38b154188fd60359df541e) Importer(2089858483,b0f066a214c2f5e87bad3c948f4d605d)
Start importing Assets/TerrainSampleAssets/Textures/Terrain/Muddy_Normal.tif using Guid(86f7d07dde38b154188fd60359df541e) Importer(2089858483,b0f066a214c2f5e87bad3c948f4d605d) (ScriptedImporter) -> (artifact id: '2d1cf10a54c708004382afe7607c76b7') in 0.5708507 seconds
Number of updated asset objects reloaded before import = 0Number of asset objects unloaded after import = 1

========================================================================
Received Import Request.
  Time since last request: 0.000046 seconds.
  path: Assets/TerrainSampleAssets/Textures/Terrain/Pebbles_A_BaseColor.tif
  artifactKey: Guid(5f61aa5f60d405a4b9f08becbe25d4c2) Importer(2089858483,b0f066a214c2f5e87bad3c948f4d605d)
Start importing Assets/TerrainSampleAssets/Textures/Terrain/Pebbles_A_BaseColor.tif using Guid(5f61aa5f60d405a4b9f08becbe25d4c2) Importer(2089858483,b0f066a214c2f5e87bad3c948f4d605d) (ScriptedImporter) -> (artifact id: 'b234761803e89b70c4e14e22dd8e5e4a') in 0.0862919 seconds
Number of updated asset objects reloaded before import = 0Number of asset objects unloaded after import = 1

========================================================================
Received Import Request.
  Time since last request: 0.000210 seconds.
  path: Assets/TerrainSampleAssets/Textures/Terrain/Pebbles_A_MaskMap.tif
  artifactKey: Guid(8abd4e7f6f86e8b4cb4820fea28b8f34) Importer(2089858483,b0f066a214c2f5e87bad3c948f4d605d)
Start importing Assets/TerrainSampleAssets/Textures/Terrain/Pebbles_A_MaskMap.tif using Guid(8abd4e7f6f86e8b4cb4820fea28b8f34) Importer(2089858483,b0f066a214c2f5e87bad3c948f4d605d) (ScriptedImporter) -> (artifact id: 'b086706c0c1e4262f6248c5f9ed7caa9') in 1.7197064 seconds
Number of updated asset objects reloaded before import = 0Number of asset objects unloaded after import = 1

========================================================================
Received Import Request.
  Time since last request: 0.000056 seconds.
  path: Assets/TerrainSampleAssets/Textures/Terrain/Pebbles_A_Normal.tif
  artifactKey: Guid(00eadd7ea2cbbf14ca338babf410bdf4) Importer(2089858483,b0f066a214c2f5e87bad3c948f4d605d)
Start importing Assets/TerrainSampleAssets/Textures/Terrain/Pebbles_A_Normal.tif using Guid(00eadd7ea2cbbf14ca338babf410bdf4) Importer(2089858483,b0f066a214c2f5e87bad3c948f4d605d) (ScriptedImporter) -> (artifact id: '18bbcf3b8d08c196fb0340b59ceed128') in 0.2202709 seconds
Number of updated asset objects reloaded before import = 0Number of asset objects unloaded after import = 1

========================================================================
Received Import Request.
  Time since last request: 0.000064 seconds.
  path: Assets/TerrainSampleAssets/Textures/Terrain/Pebbles_B_BaseColor.tif
  artifactKey: Guid(2dd80f1b9b10057439e2db179b557ebc) Importer(2089858483,b0f066a214c2f5e87bad3c948f4d605d)
Start importing Assets/TerrainSampleAssets/Textures/Terrain/Pebbles_B_BaseColor.tif using Guid(2dd80f1b9b10057439e2db179b557ebc) Importer(2089858483,b0f066a214c2f5e87bad3c948f4d605d) (ScriptedImporter) -> (artifact id: '255b30d4d5c4b8d57108c37aeacb3dbe') in 0.089068 seconds
Number of updated asset objects reloaded before import = 0Number of asset objects unloaded after import = 1

========================================================================
Received Import Request.
  Time since last request: 0.000042 seconds.
  path: Assets/TerrainSampleAssets/Textures/Terrain/Pebbles_B_MaskMap.tif
  artifactKey: Guid(5c4a8c65594fb714388c177bbed315bc) Importer(2089858483,b0f066a214c2f5e87bad3c948f4d605d)
Start importing Assets/TerrainSampleAssets/Textures/Terrain/Pebbles_B_MaskMap.tif using Guid(5c4a8c65594fb714388c177bbed315bc) Importer(2089858483,b0f066a214c2f5e87bad3c948f4d605d) (ScriptedImporter) -> (artifact id: '055dfd8b9d1c55fcea7482e4dea3b495') in 0.0938054 seconds
Number of updated asset objects reloaded before import = 0Number of asset objects unloaded after import = 1

========================================================================
Received Import Request.
  Time since last request: 0.000032 seconds.
  path: Assets/TerrainSampleAssets/Textures/Terrain/Pebbles_B_Normal.tif
  artifactKey: Guid(abaa3d4f433df074389559003412235d) Importer(2089858483,b0f066a214c2f5e87bad3c948f4d605d)
Start importing Assets/TerrainSampleAssets/Textures/Terrain/Pebbles_B_Normal.tif using Guid(abaa3d4f433df074389559003412235d) Importer(2089858483,b0f066a214c2f5e87bad3c948f4d605d) (ScriptedImporter) -> (artifact id: 'a14a7e0c2b364d16fe71b8e1b20f1a7a') in 0.0717243 seconds
Number of updated asset objects reloaded before import = 0Number of asset objects unloaded after import = 1

========================================================================
Received Import Request.
  Time since last request: 0.000056 seconds.
  path: Assets/TerrainSampleAssets/Textures/Heightmaps/Canyon04_Heightmap.tif
  artifactKey: Guid(fd3a283142a57bd4aa8029f5e0705fc5) Importer(2089858483,b0f066a214c2f5e87bad3c948f4d605d)
Start importing Assets/TerrainSampleAssets/Textures/Heightmaps/Canyon04_Heightmap.tif using Guid(fd3a283142a57bd4aa8029f5e0705fc5) Importer(2089858483,b0f066a214c2f5e87bad3c948f4d605d) (ScriptedImporter) -> (artifact id: '1d607e074ec80391e0870a2a34e4200a') in 4.4712063 seconds
Number of updated asset objects reloaded before import = 0Number of asset objects unloaded after import = 1

========================================================================
Received Import Request.
  Time since last request: 0.000035 seconds.
  path: Assets/TerrainSampleAssets/Textures/Terrain/Pebbles_C_MaskMap.tif
  artifactKey: Guid(37bf2efdabb269f4b891344af9233d9e) Importer(2089858483,b0f066a214c2f5e87bad3c948f4d605d)
Start importing Assets/TerrainSampleAssets/Textures/Terrain/Pebbles_C_MaskMap.tif using Guid(37bf2efdabb269f4b891344af9233d9e) Importer(2089858483,b0f066a214c2f5e87bad3c948f4d605d) (ScriptedImporter) -> (artifact id: '35812c9729af37bfcebde0a677ca565b') in 0.1025665 seconds
Number of updated asset objects reloaded before import = 0Number of asset objects unloaded after import = 1

========================================================================
Received Import Request.
  Time since last request: 0.000077 seconds.
  path: Assets/TerrainSampleAssets/Textures/Heightmaps/Rolling_Hills01_Heightmap.tif
  artifactKey: Guid(ef3a42474254efb44a572b52d3ac06cd) Importer(2089858483,b0f066a214c2f5e87bad3c948f4d605d)
Start importing Assets/TerrainSampleAssets/Textures/Heightmaps/Rolling_Hills01_Heightmap.tif using Guid(ef3a42474254efb44a572b52d3ac06cd) Importer(2089858483,b0f066a214c2f5e87bad3c948f4d605d) (ScriptedImporter) -> (artifact id: '88d3d3c3a3778ddd7ac7898a3f1db8b7') in 0.493874 seconds
Number of updated asset objects reloaded before import = 0Number of asset objects unloaded after import = 1

========================================================================
Received Import Request.
  Time since last request: 0.000038 seconds.
  path: Assets/TerrainSampleAssets/Textures/Terrain/Rock_BaseColor.tif
  artifactKey: Guid(7e35234e281d141418972228ee38415e) Importer(2089858483,b0f066a214c2f5e87bad3c948f4d605d)
Start importing Assets/TerrainSampleAssets/Textures/Terrain/Rock_BaseColor.tif using Guid(7e35234e281d141418972228ee38415e) Importer(2089858483,b0f066a214c2f5e87bad3c948f4d605d) (ScriptedImporter) -> (artifact id: '180b54524d8593d7f1b9e7bad7780800') in 0.0652946 seconds
Number of updated asset objects reloaded before import = 0Number of asset objects unloaded after import = 1

========================================================================
Received Import Request.
  Time since last request: 0.000046 seconds.
  path: Assets/TerrainSampleAssets/Textures/Terrain/Rock_MaskMap.tif
  artifactKey: Guid(30b51375156b10e4780537d5793a26c9) Importer(2089858483,b0f066a214c2f5e87bad3c948f4d605d)
Start importing Assets/TerrainSampleAssets/Textures/Terrain/Rock_MaskMap.tif using Guid(30b51375156b10e4780537d5793a26c9) Importer(2089858483,b0f066a214c2f5e87bad3c948f4d605d) (ScriptedImporter) -> (artifact id: '51ae4e30be45c0254422c79fc4c27a42') in 0.0590869 seconds
Number of updated asset objects reloaded before import = 0Number of asset objects unloaded after import = 1

========================================================================
Received Import Request.
  Time since last request: 0.000028 seconds.
  path: Assets/TerrainSampleAssets/TerrainBrushes/Terrainstamp_Plateau02_Brush.brush
  artifactKey: Guid(11e6706e84aaff345ac7f2478d9d88a3) Importer(2089858483,b0f066a214c2f5e87bad3c948f4d605d)
Start importing Assets/TerrainSampleAssets/TerrainBrushes/Terrainstamp_Plateau02_Brush.brush using Guid(11e6706e84aaff345ac7f2478d9d88a3) Importer(2089858483,b0f066a214c2f5e87bad3c948f4d605d) (ScriptedImporter) -> (artifact id: 'a2369f3d43d5b828e8834d02fb7c18b4') in 0.2244367 seconds
Number of updated asset objects reloaded before import = 0Number of asset objects unloaded after import = 2

========================================================================
Received Import Request.
  Time since last request: 0.000071 seconds.
  path: Assets/TerrainSampleAssets/Textures/Terrain/Rock_Normal.tif
  artifactKey: Guid(d39a1b9e5d5c7b9499f579fa5c70a2a3) Importer(2089858483,b0f066a214c2f5e87bad3c948f4d605d)
Start importing Assets/TerrainSampleAssets/Textures/Terrain/Rock_Normal.tif using Guid(d39a1b9e5d5c7b9499f579fa5c70a2a3) Importer(2089858483,b0f066a214c2f5e87bad3c948f4d605d) (ScriptedImporter) -> (artifact id: '006a1634b3ec49264301eeca92ccf377') in 0.0677037 seconds
Number of updated asset objects reloaded before import = 0Number of asset objects unloaded after import = 1

========================================================================
Received Import Request.
  Time since last request: 0.000036 seconds.
  path: Assets/TerrainSampleAssets/Textures/Terrain/Sand_MaskMap.tif
  artifactKey: Guid(32c701976955001429b200f33da0d4a9) Importer(2089858483,b0f066a214c2f5e87bad3c948f4d605d)
Start importing Assets/TerrainSampleAssets/Textures/Terrain/Sand_MaskMap.tif using Guid(32c701976955001429b200f33da0d4a9) Importer(2089858483,b0f066a214c2f5e87bad3c948f4d605d) (ScriptedImporter) -> (artifact id: '25bf5b356c914f5d3c65357e3babdfbf') in 0.8120011 seconds
Number of updated asset objects reloaded before import = 0Number of asset objects unloaded after import = 1

========================================================================
Received Import Request.
  Time since last request: 0.000075 seconds.
  path: Assets/TerrainSampleAssets/Textures/Terrain/Sand_Normal.tif
  artifactKey: Guid(83f03b3c2b2d5df40898d8c2123239ae) Importer(2089858483,b0f066a214c2f5e87bad3c948f4d605d)
Start importing Assets/TerrainSampleAssets/Textures/Terrain/Sand_Normal.tif using Guid(83f03b3c2b2d5df40898d8c2123239ae) Importer(2089858483,b0f066a214c2f5e87bad3c948f4d605d) (ScriptedImporter) -> (artifact id: '261e19ccd9b4d62aea11aeb321f4ef6d') in 0.2367295 seconds
Number of updated asset objects reloaded before import = 0Number of asset objects unloaded after import = 1

========================================================================
Received Import Request.
  Time since last request: 0.000100 seconds.
  path: Assets/TerrainSampleAssets/Textures/Terrain/Snow_BaseColor.tif
  artifactKey: Guid(ffa01093856b873448237de84289ee85) Importer(2089858483,b0f066a214c2f5e87bad3c948f4d605d)
Start importing Assets/TerrainSampleAssets/Textures/Terrain/Snow_BaseColor.tif using Guid(ffa01093856b873448237de84289ee85) Importer(2089858483,b0f066a214c2f5e87bad3c948f4d605d) (ScriptedImporter) -> (artifact id: 'cad54abab40a1ab6a36aceb25b8db4e8') in 0.1753298 seconds
Number of updated asset objects reloaded before import = 0Number of asset objects unloaded after import = 1

========================================================================
Received Import Request.
  Time since last request: 0.000050 seconds.
  path: Assets/TerrainSampleAssets/Textures/Terrain/Snow_MaskMap.tif
  artifactKey: Guid(5d46f74cdeedd7941ba8cd7cb7ebb40c) Importer(2089858483,b0f066a214c2f5e87bad3c948f4d605d)
Start importing Assets/TerrainSampleAssets/Textures/Terrain/Snow_MaskMap.tif using Guid(5d46f74cdeedd7941ba8cd7cb7ebb40c) Importer(2089858483,b0f066a214c2f5e87bad3c948f4d605d) (ScriptedImporter) -> (artifact id: 'bee170e5a9333fd1b594902c244507f3') in 0.1058241 seconds
Number of updated asset objects reloaded before import = 0Number of asset objects unloaded after import = 1

========================================================================
Received Import Request.
  Time since last request: 0.000040 seconds.
  path: Assets/TerrainSampleAssets/Textures/Terrain/Snow_Normal.tif
  artifactKey: Guid(baca4d94b1d1d8046ab52ce1570a24c7) Importer(2089858483,b0f066a214c2f5e87bad3c948f4d605d)
Start importing Assets/TerrainSampleAssets/Textures/Terrain/Snow_Normal.tif using Guid(baca4d94b1d1d8046ab52ce1570a24c7) Importer(2089858483,b0f066a214c2f5e87bad3c948f4d605d) (ScriptedImporter) -> (artifact id: 'b02adf63d756d666bc91b86d3605ab6e') in 0.1765254 seconds
Number of updated asset objects reloaded before import = 0Number of asset objects unloaded after import = 1

========================================================================
Received Import Request.
  Time since last request: 0.000049 seconds.
  path: Assets/TerrainSampleAssets/Textures/Terrain/Pebbles_C_Normal.tif
  artifactKey: Guid(297a3ddfc901318499e15b3a0c8ec74d) Importer(2089858483,b0f066a214c2f5e87bad3c948f4d605d)
Start importing Assets/TerrainSampleAssets/Textures/Terrain/Pebbles_C_Normal.tif using Guid(297a3ddfc901318499e15b3a0c8ec74d) Importer(2089858483,b0f066a214c2f5e87bad3c948f4d605d) (ScriptedImporter) -> (artifact id: '3c5586720d2acd24031a1fafc1bfe3c4') in 1.2337351 seconds
Number of updated asset objects reloaded before import = 0Number of asset objects unloaded after import = 1

========================================================================
Received Import Request.
  Time since last request: 0.000038 seconds.
  path: Assets/TerrainSampleAssets/Textures/Terrain/Soil_Rocks_MaskMap.tif
  artifactKey: Guid(b1c590e575d73224eb6773fd8c1cbb64) Importer(2089858483,b0f066a214c2f5e87bad3c948f4d605d)
Start importing Assets/TerrainSampleAssets/Textures/Terrain/Soil_Rocks_MaskMap.tif using Guid(b1c590e575d73224eb6773fd8c1cbb64) Importer(2089858483,b0f066a214c2f5e87bad3c948f4d605d) (ScriptedImporter) -> (artifact id: '7b5f7a4105d99ed2da6f3511bf8c6e36') in 0.2883817 seconds
Number of updated asset objects reloaded before import = 0Number of asset objects unloaded after import = 1

========================================================================
Received Import Request.
  Time since last request: 0.000091 seconds.
  path: Assets/TerrainSampleAssets/Textures/Terrain/Soil_Rocks_Normal.tif
  artifactKey: Guid(773f0cf0efc85a14a9f70e559642746f) Importer(2089858483,b0f066a214c2f5e87bad3c948f4d605d)
Start importing Assets/TerrainSampleAssets/Textures/Terrain/Soil_Rocks_Normal.tif using Guid(773f0cf0efc85a14a9f70e559642746f) Importer(2089858483,b0f066a214c2f5e87bad3c948f4d605d) (ScriptedImporter) -> (artifact id: 'bf7742f543dcbb00b57b7ca927f47b97') in 2.6673463 seconds
Number of updated asset objects reloaded before import = 0Number of asset objects unloaded after import = 1

========================================================================
Received Import Request.
  Time since last request: 0.000037 seconds.
  path: Assets/TerrainSampleAssets/Textures/Terrain/Tidal_Pools_BaseColor.tif
  artifactKey: Guid(65c50b065f264b042a12153fb6454aa5) Importer(2089858483,b0f066a214c2f5e87bad3c948f4d605d)
Start importing Assets/TerrainSampleAssets/Textures/Terrain/Tidal_Pools_BaseColor.tif using Guid(65c50b065f264b042a12153fb6454aa5) Importer(2089858483,b0f066a214c2f5e87bad3c948f4d605d) (ScriptedImporter) -> (artifact id: 'ed664b2c77fd7954ef083d875af3fd4a') in 0.1114747 seconds
Number of updated asset objects reloaded before import = 0Number of asset objects unloaded after import = 1

========================================================================
Received Import Request.
  Time since last request: 0.000042 seconds.
  path: Assets/TerrainSampleAssets/Prefabs/Heather_A.prefab
  artifactKey: Guid(cce04f533c148314abf74aff71206ec7) Importer(2089858483,b0f066a214c2f5e87bad3c948f4d605d)
Start importing Assets/TerrainSampleAssets/Prefabs/Heather_A.prefab using Guid(cce04f533c148314abf74aff71206ec7) Importer(2089858483,b0f066a214c2f5e87bad3c948f4d605d) (ScriptedImporter) -> (artifact id: 'cda7e4669b3c3ba09178500a7bafddaa') in 0.2123376 seconds
Number of updated asset objects reloaded before import = 0Number of asset objects unloaded after import = 7

========================================================================
Received Import Request.
  Time since last request: 0.000060 seconds.
  path: Assets/TerrainSampleAssets/Textures/Terrain/Tidal_Pools_Normal.tif
  artifactKey: Guid(28b218fb0e12c994d8f0b586f65545f2) Importer(2089858483,b0f066a214c2f5e87bad3c948f4d605d)
Start importing Assets/TerrainSampleAssets/Textures/Terrain/Tidal_Pools_Normal.tif using Guid(28b218fb0e12c994d8f0b586f65545f2) Importer(2089858483,b0f066a214c2f5e87bad3c948f4d605d) (ScriptedImporter) -> (artifact id: '909b0b2e83300a4412e12a0fa0c75abe') in 0.1307902 seconds
Number of updated asset objects reloaded before import = 0Number of asset objects unloaded after import = 1

========================================================================
Received Import Request.
  Time since last request: 0.000055 seconds.
  path: Assets/TextMesh Pro/Resources/Fonts & Materials/LiberationSans SDF - Drop Shadow.mat
  artifactKey: Guid(e73a58f6e2794ae7b1b7e50b7fb811b0) Importer(2089858483,b0f066a214c2f5e87bad3c948f4d605d)
Start importing Assets/TextMesh Pro/Resources/Fonts & Materials/LiberationSans SDF - Drop Shadow.mat using Guid(e73a58f6e2794ae7b1b7e50b7fb811b0) Importer(2089858483,b0f066a214c2f5e87bad3c948f4d605d) (ScriptedImporter) -> (artifact id: 'fa2dc1ef06f4c285017409a264f2081d') in 0.1396233 seconds
Number of updated asset objects reloaded before import = 0Number of asset objects unloaded after import = 2

========================================================================
Received Import Request.
  Time since last request: 0.000037 seconds.
  path: Assets/TextMesh Pro/Resources/Fonts & Materials/LiberationSans SDF - Fallback.asset
  artifactKey: Guid(2e498d1c8094910479dc3e1b768306a4) Importer(2089858483,b0f066a214c2f5e87bad3c948f4d605d)
Start importing Assets/TextMesh Pro/Resources/Fonts & Materials/LiberationSans SDF - Fallback.asset using Guid(2e498d1c8094910479dc3e1b768306a4) Importer(2089858483,b0f066a214c2f5e87bad3c948f4d605d) (ScriptedImporter) -> (artifact id: '57225a864ec098881ca57168236637d1') in 0.5479325 seconds
Number of updated asset objects reloaded before import = 0Number of asset objects unloaded after import = 5

========================================================================
Received Import Request.
  Time since last request: 0.000052 seconds.
  path: Assets/TextMesh Pro/Resources/Fonts & Materials/LiberationSans SDF - Outline.mat
  artifactKey: Guid(79459efec17a4d00a321bdcc27bbc385) Importer(2089858483,b0f066a214c2f5e87bad3c948f4d605d)
Start importing Assets/TextMesh Pro/Resources/Fonts & Materials/LiberationSans SDF - Outline.mat using Guid(79459efec17a4d00a321bdcc27bbc385) Importer(2089858483,b0f066a214c2f5e87bad3c948f4d605d) (ScriptedImporter) -> (artifact id: 'c501f61cd1a4a48f114a062a2cc1254e') in 0.1472929 seconds
Number of updated asset objects reloaded before import = 0Number of asset objects unloaded after import = 2

========================================================================
Received Import Request.
  Time since last request: 0.000042 seconds.
  path: Assets/TextMesh Pro/Resources/Fonts & Materials/LiberationSans SDF.asset
  artifactKey: Guid(8f586378b4e144a9851e7b34d9b748ee) Importer(2089858483,b0f066a214c2f5e87bad3c948f4d605d)
Start importing Assets/TextMesh Pro/Resources/Fonts & Materials/LiberationSans SDF.asset using Guid(8f586378b4e144a9851e7b34d9b748ee) Importer(2089858483,b0f066a214c2f5e87bad3c948f4d605d) (ScriptedImporter) -> (artifact id: '5a31705527274da2295c38ff15a2e089') in 0.2981846 seconds
Number of updated asset objects reloaded before import = 0Number of asset objects unloaded after import = 8

========================================================================
Received Import Request.
  Time since last request: 0.000039 seconds.
  path: Assets/TextMesh Pro/Resources/Sprite Assets/EmojiOne.asset
  artifactKey: Guid(c41005c129ba4d66911b75229fd70b45) Importer(2089858483,b0f066a214c2f5e87bad3c948f4d605d)
Start importing Assets/TextMesh Pro/Resources/Sprite Assets/EmojiOne.asset using Guid(c41005c129ba4d66911b75229fd70b45) Importer(2089858483,b0f066a214c2f5e87bad3c948f4d605d) (ScriptedImporter) -> (artifact id: '29169dcf47b5ed25d79f7d127cf6ee92') in 0.2276125 seconds
Number of updated asset objects reloaded before import = 0Number of asset objects unloaded after import = 3

========================================================================
Received Import Request.
  Time since last request: 0.000037 seconds.
  path: Assets/TextMesh Pro/Resources/Style Sheets/Default Style Sheet.asset
  artifactKey: Guid(f952c082cb03451daed3ee968ac6c63e) Importer(2089858483,b0f066a214c2f5e87bad3c948f4d605d)
Start importing Assets/TextMesh Pro/Resources/Style Sheets/Default Style Sheet.asset using Guid(f952c082cb03451daed3ee968ac6c63e) Importer(2089858483,b0f066a214c2f5e87bad3c948f4d605d) (ScriptedImporter) -> (artifact id: 'ac11179d0c6118010db53023d998fc3c') in 0.1577828 seconds
Number of updated asset objects reloaded before import = 0Number of asset objects unloaded after import = 1

========================================================================
Received Import Request.
  Time since last request: 0.000048 seconds.
  path: Assets/TutorialInfo/Scripts/Editor/ReadmeEditor.cs
  artifactKey: Guid(476cc7d7cd9874016adc216baab94a0a) Importer(2089858483,b0f066a214c2f5e87bad3c948f4d605d)
Start importing Assets/TutorialInfo/Scripts/Editor/ReadmeEditor.cs using Guid(476cc7d7cd9874016adc216baab94a0a) Importer(2089858483,b0f066a214c2f5e87bad3c948f4d605d) (ScriptedImporter) -> (artifact id: 'e171f0b0545db4baf15dc785cf3b5873') in 0.0332918 seconds
Number of updated asset objects reloaded before import = 0Number of asset objects unloaded after import = 0

========================================================================
Received Import Request.
  Time since last request: 0.000028 seconds.
  path: Assets/XRI/Settings/Resources/InteractionLayerSettings.asset
  artifactKey: Guid(cfea373b12da8604fa27a41a37afb643) Importer(2089858483,b0f066a214c2f5e87bad3c948f4d605d)
Start importing Assets/XRI/Settings/Resources/InteractionLayerSettings.asset using Guid(cfea373b12da8604fa27a41a37afb643) Importer(2089858483,b0f066a214c2f5e87bad3c948f4d605d) (ScriptedImporter) -> (artifact id: 'b26535d840bd277ee93a71eeda503c33') in 0.0677482 seconds
Number of updated asset objects reloaded before import = 0Number of asset objects unloaded after import = 1

========================================================================
Received Import Request.
  Time since last request: 0.000033 seconds.
  path: Assets/TerrainSampleAssets/Materials/Fern.asset
  artifactKey: Guid(405b9ff318b139d478492b258cc6f606) Importer(2089858483,b0f066a214c2f5e87bad3c948f4d605d)
Start importing Assets/TerrainSampleAssets/Materials/Fern.asset using Guid(405b9ff318b139d478492b258cc6f606) Importer(2089858483,b0f066a214c2f5e87bad3c948f4d605d) (ScriptedImporter) -> (artifact id: '1120d44825a5524ff7b166a579c802f8') in 0.0361038 seconds
Number of updated asset objects reloaded before import = 0Number of asset objects unloaded after import = 1

========================================================================
Received Import Request.
  Time since last request: 0.000030 seconds.
  path: Assets/TerrainSampleAssets/Prefabs/BushDry_B.prefab
  artifactKey: Guid(054bf5cf244ff2e4083cbf8eca205cf0) Importer(2089858483,b0f066a214c2f5e87bad3c948f4d605d)
Start importing Assets/TerrainSampleAssets/Prefabs/BushDry_B.prefab using Guid(054bf5cf244ff2e4083cbf8eca205cf0) Importer(2089858483,b0f066a214c2f5e87bad3c948f4d605d) (ScriptedImporter) -> (artifact id: '67c9b0382116c44f2d19a7451e1d633d') in 0.0377015 seconds
Number of updated asset objects reloaded before import = 0Number of asset objects unloaded after import = 7

========================================================================
Received Import Request.
  Time since last request: 0.000044 seconds.
  path: Assets/my stuff/Terrain/Terrain/Ekstrahert Geirangerfjord fil_TerrainData 1.asset
  artifactKey: Guid(e2c4e7cf2d509104a8dcf282c818100c) Importer(2089858483,b0f066a214c2f5e87bad3c948f4d605d)
Start importing Assets/my stuff/Terrain/Terrain/Ekstrahert Geirangerfjord fil_TerrainData 1.asset using Guid(e2c4e7cf2d509104a8dcf282c818100c) Importer(2089858483,b0f066a214c2f5e87bad3c948f4d605d) (ScriptedImporter) -> (artifact id: '4c14004f80c733119cbef6da74971231') in 0.2070336 seconds
Number of updated asset objects reloaded before import = 0Number of asset objects unloaded after import = 1

========================================================================
Received Import Request.
  Time since last request: 0.000060 seconds.
  path: Assets/TerrainSampleAssets/Models/BushDry_B.asset
  artifactKey: Guid(8d68c191594d5a24baee81cc22acf55b) Importer(2089858483,b0f066a214c2f5e87bad3c948f4d605d)
Start importing Assets/TerrainSampleAssets/Models/BushDry_B.asset using Guid(8d68c191594d5a24baee81cc22acf55b) Importer(2089858483,b0f066a214c2f5e87bad3c948f4d605d) (ScriptedImporter) -> (artifact id: '819a552d0143b122167710686f332811') in 0.0383496 seconds
Number of updated asset objects reloaded before import = 0Number of asset objects unloaded after import = 1

========================================================================
Received Import Request.
  Time since last request: 0.000036 seconds.
  path: Assets/Plugins/UnityLibrary/GeoTiffImporter/Editor/GeoTiffTerrainWindow.cs
  artifactKey: Guid(afe2070d766734143962c92f913aab7f) Importer(2089858483,b0f066a214c2f5e87bad3c948f4d605d)
Start importing Assets/Plugins/UnityLibrary/GeoTiffImporter/Editor/GeoTiffTerrainWindow.cs using Guid(afe2070d766734143962c92f913aab7f) Importer(2089858483,b0f066a214c2f5e87bad3c948f4d605d) (ScriptedImporter) -> (artifact id: 'bea2691b094fa79830826d9643368aae') in 0.0350049 seconds
Number of updated asset objects reloaded before import = 0Number of asset objects unloaded after import = 0

========================================================================
Received Import Request.
  Time since last request: 0.000061 seconds.
  path: Assets/Plugins/UnityLibrary/GeoTiffImporter/Editor/GeoTiffHeightImporter.cs
  artifactKey: Guid(473a1bda7a1dc8547b3c5047c0cfc930) Importer(2089858483,b0f066a214c2f5e87bad3c948f4d605d)
Start importing Assets/Plugins/UnityLibrary/GeoTiffImporter/Editor/GeoTiffHeightImporter.cs using Guid(473a1bda7a1dc8547b3c5047c0cfc930) Importer(2089858483,b0f066a214c2f5e87bad3c948f4d605d) (ScriptedImporter) -> (artifact id: '7508f5a4ec24089a6b810b7435e0d67a') in 0.0355043 seconds
Number of updated asset objects reloaded before import = 0Number of asset objects unloaded after import = 0

========================================================================
Received Import Request.
  Time since last request: 0.000039 seconds.
  path: Assets/XRI/Settings/Resources/XRDeviceSimulatorSettings.asset
  artifactKey: Guid(15b303808f1b7d54a9ae95ef185cc40f) Importer(2089858483,b0f066a214c2f5e87bad3c948f4d605d)
Start importing Assets/XRI/Settings/Resources/XRDeviceSimulatorSettings.asset using Guid(15b303808f1b7d54a9ae95ef185cc40f) Importer(2089858483,b0f066a214c2f5e87bad3c948f4d605d) (ScriptedImporter) -> (artifact id: '06ee88a2ab793c6abdaab1479a0664c0') in 0.0773649 seconds
Number of updated asset objects reloaded before import = 0Number of asset objects unloaded after import = 1

========================================================================
Received Import Request.
  Time since last request: 0.000060 seconds.
  path: Assets/my stuff/Terrain/Terrain/Materials/SNOW.mat
  artifactKey: Guid(b531bf03c87eb604f97fc25bc692f4b7) Importer(2089858483,b0f066a214c2f5e87bad3c948f4d605d)
Start importing Assets/my stuff/Terrain/Terrain/Materials/SNOW.mat using Guid(b531bf03c87eb604f97fc25bc692f4b7) Importer(2089858483,b0f066a214c2f5e87bad3c948f4d605d) (ScriptedImporter) -> (artifact id: '942cd29b27bd3c764eafcebb7af39fbf') in 0.0529716 seconds
Number of updated asset objects reloaded before import = 0Number of asset objects unloaded after import = 1

========================================================================
Received Import Request.
  Time since last request: 0.000037 seconds.
  path: Assets/Plugins/UnityLibrary/GeoTiffImporter/Editor/HeightmapMeta.cs
  artifactKey: Guid(b3c15fbe34f5d0c449837cf6c89a076a) Importer(2089858483,b0f066a214c2f5e87bad3c948f4d605d)
Start importing Assets/Plugins/UnityLibrary/GeoTiffImporter/Editor/HeightmapMeta.cs using Guid(b3c15fbe34f5d0c449837cf6c89a076a) Importer(2089858483,b0f066a214c2f5e87bad3c948f4d605d) (ScriptedImporter) -> (artifact id: 'dd11fcb9e8bc48fdf848052f8de132ba') in 0.0329696 seconds
Number of updated asset objects reloaded before import = 0Number of asset objects unloaded after import = 0

========================================================================
Received Import Request.
  Time since last request: 0.000052 seconds.
  path: Assets/Samples/XR Interaction Toolkit/2.5.4/Starter Assets/DemoScene.unity
  artifactKey: Guid(319dafa5c80f29f428dc1e0d03f04177) Importer(2089858483,b0f066a214c2f5e87bad3c948f4d605d)
Start importing Assets/Samples/XR Interaction Toolkit/2.5.4/Starter Assets/DemoScene.unity using Guid(319dafa5c80f29f428dc1e0d03f04177) Importer(2089858483,b0f066a214c2f5e87bad3c948f4d605d) (ScriptedImporter) -> (artifact id: '7bf1d46d1088c0c88d66b5f1e18362b9') in 0.0796701 seconds
Number of updated asset objects reloaded before import = 0Number of asset objects unloaded after import = 1

========================================================================
Received Import Request.
  Time since last request: 0.000045 seconds.
  path: Assets/Samples/XR Interaction Toolkit/2.5.4/Starter Assets/XRI Default Input Actions.inputactions
  artifactKey: Guid(c348712bda248c246b8c49b3db54643f) Importer(2089858483,b0f066a214c2f5e87bad3c948f4d605d)
Start importing Assets/Samples/XR Interaction Toolkit/2.5.4/Starter Assets/XRI Default Input Actions.inputactions using Guid(c348712bda248c246b8c49b3db54643f) Importer(2089858483,b0f066a214c2f5e87bad3c948f4d605d) (ScriptedImporter) -> (artifact id: 'dc83fd44a3ac9f0d646ab7b5e0863d72') in 2.352047 seconds
Number of updated asset objects reloaded before import = 0Number of asset objects unloaded after import = 95

========================================================================
Received Import Request.
  Time since last request: 0.000075 seconds.
  path: Assets/TerrainSampleAssets/Textures/Terrain/Materials/Snow_BaseColor.mat
  artifactKey: Guid(c901843db3b9cfe4eab4a989cfbd441a) Importer(2089858483,b0f066a214c2f5e87bad3c948f4d605d)
Start importing Assets/TerrainSampleAssets/Textures/Terrain/Materials/Snow_BaseColor.mat using Guid(c901843db3b9cfe4eab4a989cfbd441a) Importer(2089858483,b0f066a214c2f5e87bad3c948f4d605d) (ScriptedImporter) -> (artifact id: '375305c02b1ca165316a686e010c423f') in 2.5986895 seconds
Number of updated asset objects reloaded before import = 0Number of asset objects unloaded after import = 9

========================================================================
Received Import Request.
  Time since last request: 0.000056 seconds.
  path: Assets/Plugins/UnityLibrary/GeoTiffImporter/Libs/BitMiracle_libtiff.net_ .NET version of LibTiff library made by Bit Miracle and contributors.url
  artifactKey: Guid(f89b8c1cb1b54af49bd3641255223942) Importer(2089858483,b0f066a214c2f5e87bad3c948f4d605d)
Start importing Assets/Plugins/UnityLibrary/GeoTiffImporter/Libs/BitMiracle_libtiff.net_ .NET version of LibTiff library made by Bit Miracle and contributors.url using Guid(f89b8c1cb1b54af49bd3641255223942) Importer(2089858483,b0f066a214c2f5e87bad3c948f4d605d) (ScriptedImporter) -> (artifact id: 'efc2af04e71d99236ba1f0b4c22fdfc7') in 0.0372978 seconds
Number of updated asset objects reloaded before import = 0Number of asset objects unloaded after import = 1

========================================================================
Received Import Request.
  Time since last request: 0.000095 seconds.
  path: Assets/Plugins/UnityLibrary/GeoTiffImporter/Libs/BitMiracle.LibTiff.NET.dll
  artifactKey: Guid(ba4b680d433974c4aa9961253537b841) Importer(2089858483,b0f066a214c2f5e87bad3c948f4d605d)
Start importing Assets/Plugins/UnityLibrary/GeoTiffImporter/Libs/BitMiracle.LibTiff.NET.dll using Guid(ba4b680d433974c4aa9961253537b841) Importer(2089858483,b0f066a214c2f5e87bad3c948f4d605d) (ScriptedImporter) -> (artifact id: '8645f4b9801feb2f532a1f6dacdc7ae4') in 0.0544593 seconds
Number of updated asset objects reloaded before import = 0Number of asset objects unloaded after import = 0

========================================================================
Received Import Request.
  Time since last request: 0.000037 seconds.
  path: Assets/Samples/XR Interaction Toolkit/2.5.4/Starter Assets/Models/Primitive_Cylinder.fbx
  artifactKey: Guid(9e1dc1c14313460d872de39e35129b39) Importer(2089858483,b0f066a214c2f5e87bad3c948f4d605d)
Start importing Assets/Samples/XR Interaction Toolkit/2.5.4/Starter Assets/Models/Primitive_Cylinder.fbx using Guid(9e1dc1c14313460d872de39e35129b39) Importer(2089858483,b0f066a214c2f5e87bad3c948f4d605d) (ScriptedImporter) -> (artifact id: 'a65fd2843de326f19b2ee1eac635a717') in 0.084016 seconds
Number of updated asset objects reloaded before import = 0Number of asset objects unloaded after import = 8

========================================================================
Received Import Request.
  Time since last request: 0.000049 seconds.
  path: Assets/Samples/XR Interaction Toolkit/2.5.4/Starter Assets/Models/Primitive_Wedge.fbx
  artifactKey: Guid(ab3a79eba4de4be0ad5fead9fb858190) Importer(2089858483,b0f066a214c2f5e87bad3c948f4d605d)
Start importing Assets/Samples/XR Interaction Toolkit/2.5.4/Starter Assets/Models/Primitive_Wedge.fbx using Guid(ab3a79eba4de4be0ad5fead9fb858190) Importer(2089858483,b0f066a214c2f5e87bad3c948f4d605d) (ScriptedImporter) -> (artifact id: 'b53b45ee6b156d4f8154f9e982d0b89d') in 0.1099824 seconds
Number of updated asset objects reloaded before import = 0Number of asset objects unloaded after import = 8

========================================================================
Received Import Request.
  Time since last request: 0.000047 seconds.
  path: Assets/Samples/XR Interaction Toolkit/2.5.4/Starter Assets/Models/Reticle_Torus.fbx
  artifactKey: Guid(be2911572dc3afa448d24b4e97edc5f1) Importer(2089858483,b0f066a214c2f5e87bad3c948f4d605d)
Start importing Assets/Samples/XR Interaction Toolkit/2.5.4/Starter Assets/Models/Reticle_Torus.fbx using Guid(be2911572dc3afa448d24b4e97edc5f1) Importer(2089858483,b0f066a214c2f5e87bad3c948f4d605d) (ScriptedImporter) -> (artifact id: '0a09448d58102522d272a1480a2d3a8f') in 0.3434793 seconds
Number of updated asset objects reloaded before import = 0Number of asset objects unloaded after import = 8

========================================================================
Received Import Request.
  Time since last request: 0.000061 seconds.
  path: Assets/TerrainSampleAssets/Textures/Heightmaps/Canyon03_Heightmap.tif
  artifactKey: Guid(00e07f21ff32c094ea64f6753fb3b542) Importer(2089858483,b0f066a214c2f5e87bad3c948f4d605d)
Start importing Assets/TerrainSampleAssets/Textures/Heightmaps/Canyon03_Heightmap.tif using Guid(00e07f21ff32c094ea64f6753fb3b542) Importer(2089858483,b0f066a214c2f5e87bad3c948f4d605d) (ScriptedImporter) -> (artifact id: 'f7516d5a4c7b97a599f478edfa33f2b6') in 0.7394635 seconds
Number of updated asset objects reloaded before import = 0Number of asset objects unloaded after import = 1

========================================================================
Received Import Request.
  Time since last request: 0.000046 seconds.
  path: Assets/Samples/XR Interaction Toolkit/2.5.4/Starter Assets/Models/XRControllerRight.fbx
  artifactKey: Guid(11cd62256b1d470f922b2c8e6446cc77) Importer(2089858483,b0f066a214c2f5e87bad3c948f4d605d)
Start importing Assets/Samples/XR Interaction Toolkit/2.5.4/Starter Assets/Models/XRControllerRight.fbx using Guid(11cd62256b1d470f922b2c8e6446cc77) Importer(2089858483,b0f066a214c2f5e87bad3c948f4d605d) (ScriptedImporter) -> (artifact id: 'c9efb602331c94476653bbea990eada4') in 0.1623214 seconds
Number of updated asset objects reloaded before import = 0Number of asset objects unloaded after import = 52

========================================================================
Received Import Request.
  Time since last request: 0.000054 seconds.
  path: Assets/Samples/XR Interaction Toolkit/2.5.4/Starter Assets/Prefabs/XR Interaction Setup.prefab
  artifactKey: Guid(895f6f3c2d334633b5800312285058d2) Importer(2089858483,b0f066a214c2f5e87bad3c948f4d605d)
Start importing Assets/Samples/XR Interaction Toolkit/2.5.4/Starter Assets/Prefabs/XR Interaction Setup.prefab using Guid(895f6f3c2d334633b5800312285058d2) Importer(2089858483,b0f066a214c2f5e87bad3c948f4d605d) (ScriptedImporter) -> (artifact id: 'e62e20118306e22380faa806380c4929') in 4.7034978 seconds
Number of updated asset objects reloaded before import = 0Number of asset objects unloaded after import = 334

========================================================================
Received Import Request.
  Time since last request: 0.000054 seconds.
  path: Assets/TerrainSampleAssets/Textures/Terrain/Pebbles_C_BaseColor.tif
  artifactKey: Guid(8e255f57d15705e488d4db5425239501) Importer(2089858483,b0f066a214c2f5e87bad3c948f4d605d)
Start importing Assets/TerrainSampleAssets/Textures/Terrain/Pebbles_C_BaseColor.tif using Guid(8e255f57d15705e488d4db5425239501) Importer(2089858483,b0f066a214c2f5e87bad3c948f4d605d) (ScriptedImporter) -> (artifact id: '81f55158f0c25a39760f30486fbac90f') in 0.1538681 seconds
Number of updated asset objects reloaded before import = 0Number of asset objects unloaded after import = 1

========================================================================
Received Import Request.
  Time since last request: 0.000050 seconds.
  path: Assets/TerrainSampleAssets/Textures/Terrain/Grass_Soil_BaseColor.tif
  artifactKey: Guid(bde7423cb35c64746b6b24c63040dcb0) Importer(2089858483,b0f066a214c2f5e87bad3c948f4d605d)
Start importing Assets/TerrainSampleAssets/Textures/Terrain/Grass_Soil_BaseColor.tif using Guid(bde7423cb35c64746b6b24c63040dcb0) Importer(2089858483,b0f066a214c2f5e87bad3c948f4d605d) (ScriptedImporter) -> (artifact id: '47c4ee6684ed936ca72a9a37ebc9adb0') in 0.1228642 seconds
Number of updated asset objects reloaded before import = 0Number of asset objects unloaded after import = 1

========================================================================
Received Import Request.
  Time since last request: 0.000032 seconds.
  path: Assets/Samples/XR Interaction Toolkit/2.5.4/Starter Assets/Presets/XRI Default Continuous Move.preset
  artifactKey: Guid(91f9da00cfdac5d49955df2d2d820b9c) Importer(2089858483,b0f066a214c2f5e87bad3c948f4d605d)
Start importing Assets/Samples/XR Interaction Toolkit/2.5.4/Starter Assets/Presets/XRI Default Continuous Move.preset using Guid(91f9da00cfdac5d49955df2d2d820b9c) Importer(2089858483,b0f066a214c2f5e87bad3c948f4d605d) (ScriptedImporter) -> (artifact id: 'f896c7409f944ba361420931f469b514') in 0.0668981 seconds
Number of updated asset objects reloaded before import = 0Number of asset objects unloaded after import = 4

========================================================================
Received Import Request.
  Time since last request: 0.000038 seconds.
  path: Assets/Samples/XR Interaction Toolkit/2.5.4/Starter Assets/Presets/XRI Default Continuous Turn.preset
  artifactKey: Guid(0caad3af14f9a414dbdf25ed41e5aa47) Importer(2089858483,b0f066a214c2f5e87bad3c948f4d605d)
Start importing Assets/Samples/XR Interaction Toolkit/2.5.4/Starter Assets/Presets/XRI Default Continuous Turn.preset using Guid(0caad3af14f9a414dbdf25ed41e5aa47) Importer(2089858483,b0f066a214c2f5e87bad3c948f4d605d) (ScriptedImporter) -> (artifact id: '29a620e3b49c2b2da1db5775e1e7e05f') in 0.3791844 seconds
Number of updated asset objects reloaded before import = 0Number of asset objects unloaded after import = 4

========================================================================
Received Import Request.
  Time since last request: 0.000030 seconds.
  path: Assets/Samples/XR Interaction Toolkit/2.5.4/Starter Assets/Presets/XRI Default Left ActionBasedControllerManager.preset
  artifactKey: Guid(c3d4ecc12d5e0f14c93fd734af32ab63) Importer(2089858483,b0f066a214c2f5e87bad3c948f4d605d)
Start importing Assets/Samples/XR Interaction Toolkit/2.5.4/Starter Assets/Presets/XRI Default Left ActionBasedControllerManager.preset using Guid(c3d4ecc12d5e0f14c93fd734af32ab63) Importer(2089858483,b0f066a214c2f5e87bad3c948f4d605d) (ScriptedImporter) -> (artifact id: 'dab200ed85cb3f762c37749fba0b99d6') in 0.0556702 seconds
Number of updated asset objects reloaded before import = 0Number of asset objects unloaded after import = 8

========================================================================
Received Import Request.
  Time since last request: 0.000066 seconds.
  path: Assets/TerrainSampleAssets/Textures/Heightmaps/Errosion02_Heightmap.tif
  artifactKey: Guid(8d909223d66b7cd4d9719d37ee403dff) Importer(2089858483,b0f066a214c2f5e87bad3c948f4d605d)
Start importing Assets/TerrainSampleAssets/Textures/Heightmaps/Errosion02_Heightmap.tif using Guid(8d909223d66b7cd4d9719d37ee403dff) Importer(2089858483,b0f066a214c2f5e87bad3c948f4d605d) (ScriptedImporter) -> (artifact id: 'c6d14e01d0c2ef2574ef2de3a357fa8c') in 0.0793424 seconds
Number of updated asset objects reloaded before import = 0Number of asset objects unloaded after import = 1

========================================================================
Received Import Request.
  Time since last request: 0.000037 seconds.
  path: Assets/Samples/XR Interaction Toolkit/2.5.4/Starter Assets/Presets/XRI Default Left Controller.preset
  artifactKey: Guid(ffd8268f7307a0c48a067dad4a8fe060) Importer(2089858483,b0f066a214c2f5e87bad3c948f4d605d)
Start importing Assets/Samples/XR Interaction Toolkit/2.5.4/Starter Assets/Presets/XRI Default Left Controller.preset using Guid(ffd8268f7307a0c48a067dad4a8fe060) Importer(2089858483,b0f066a214c2f5e87bad3c948f4d605d) (ScriptedImporter) -> (artifact id: 'c445496a9bc5838e5b1f8d5bb41032fe') in 0.473641 seconds
Number of updated asset objects reloaded before import = 0Number of asset objects unloaded after import = 19

========================================================================
Received Import Request.
  Time since last request: 0.000077 seconds.
  path: Assets/Samples/XR Interaction Toolkit/2.5.4/Starter Assets/Presets/XRI Default Left Grab Move.preset
  artifactKey: Guid(e2e08fffc3edfbb47a429bae0c5a6343) Importer(2089858483,b0f066a214c2f5e87bad3c948f4d605d)
Start importing Assets/Samples/XR Interaction Toolkit/2.5.4/Starter Assets/Presets/XRI Default Left Grab Move.preset using Guid(e2e08fffc3edfbb47a429bae0c5a6343) Importer(2089858483,b0f066a214c2f5e87bad3c948f4d605d) (ScriptedImporter) -> (artifact id: '80755e3cf4d55d62bf97603c1fca6c69') in 0.3821458 seconds
Number of updated asset objects reloaded before import = 0Number of asset objects unloaded after import = 3

========================================================================
Received Import Request.
  Time since last request: 0.000037 seconds.
  path: Assets/Samples/XR Interaction Toolkit/2.5.4/Starter Assets/Presets/XRI Default Right Controller.preset
  artifactKey: Guid(1421ad86ff3787b4dae70fe9e699a25f) Importer(2089858483,b0f066a214c2f5e87bad3c948f4d605d)
Start importing Assets/Samples/XR Interaction Toolkit/2.5.4/Starter Assets/Presets/XRI Default Right Controller.preset using Guid(1421ad86ff3787b4dae70fe9e699a25f) Importer(2089858483,b0f066a214c2f5e87bad3c948f4d605d) (ScriptedImporter) -> (artifact id: 'b38cbef84c41f260b0c135267d2f9510') in 0.0565723 seconds
Number of updated asset objects reloaded before import = 0Number of asset objects unloaded after import = 19

========================================================================
Received Import Request.
  Time since last request: 0.000066 seconds.
  path: Assets/my stuff/water/waves.shadergraph
  artifactKey: Guid(799699b4803854645ac864fef3c2155e) Importer(2089858483,b0f066a214c2f5e87bad3c948f4d605d)
Start importing Assets/my stuff/water/waves.shadergraph using Guid(799699b4803854645ac864fef3c2155e) Importer(2089858483,b0f066a214c2f5e87bad3c948f4d605d) (ScriptedImporter) -> (artifact id: 'd1ce3673c3cfb3be1528f43cbad01d81') in 0.2658096 seconds
Number of updated asset objects reloaded before import = 0Number of asset objects unloaded after import = 6

========================================================================
Received Import Request.
  Time since last request: 0.000038 seconds.
  path: Assets/Samples/XR Interaction Toolkit/2.5.4/Starter Assets/Presets/XRI Default Right Grab Move.preset
  artifactKey: Guid(fdc4f514b7b1e9c4eb39713ad9dd4eba) Importer(2089858483,b0f066a214c2f5e87bad3c948f4d605d)
Start importing Assets/Samples/XR Interaction Toolkit/2.5.4/Starter Assets/Presets/XRI Default Right Grab Move.preset using Guid(fdc4f514b7b1e9c4eb39713ad9dd4eba) Importer(2089858483,b0f066a214c2f5e87bad3c948f4d605d) (ScriptedImporter) -> (artifact id: '061bba308d8e8174126585e59105d8ce') in 0.1143166 seconds
Number of updated asset objects reloaded before import = 0Number of asset objects unloaded after import = 3

========================================================================
Received Import Request.
  Time since last request: 0.000080 seconds.
  path: Assets/Samples/XR Interaction Toolkit/2.5.4/Starter Assets/Presets/XRI Default Snap Turn.preset
  artifactKey: Guid(18697d253d848974aa7052cba872c9f0) Importer(2089858483,b0f066a214c2f5e87bad3c948f4d605d)
Start importing Assets/Samples/XR Interaction Toolkit/2.5.4/Starter Assets/Presets/XRI Default Snap Turn.preset using Guid(18697d253d848974aa7052cba872c9f0) Importer(2089858483,b0f066a214c2f5e87bad3c948f4d605d) (ScriptedImporter) -> (artifact id: '24e39c26ac0c242b0ddb9dbf298f12fd') in 0.0383212 seconds
Number of updated asset objects reloaded before import = 0Number of asset objects unloaded after import = 4

========================================================================
Received Import Request.
  Time since last request: 0.000027 seconds.
  path: Assets/Samples/XR Interaction Toolkit/2.5.4/Starter Assets/Presets/XRI Default XR UI Input Module.preset
  artifactKey: Guid(2c3e7ff9ab352b74da862a5a8779b276) Importer(2089858483,b0f066a214c2f5e87bad3c948f4d605d)
Start importing Assets/Samples/XR Interaction Toolkit/2.5.4/Starter Assets/Presets/XRI Default XR UI Input Module.preset using Guid(2c3e7ff9ab352b74da862a5a8779b276) Importer(2089858483,b0f066a214c2f5e87bad3c948f4d605d) (ScriptedImporter) -> (artifact id: '6af90c78f9e5881dca07812de5333186') in 0.042787 seconds
Number of updated asset objects reloaded before import = 0Number of asset objects unloaded after import = 10

========================================================================
Received Import Request.
  Time since last request: 0.000040 seconds.
  path: Assets/Samples/XR Interaction Toolkit/2.5.4/Starter Assets/Presets/XRI Default XR Screen Space Controller.preset
  artifactKey: Guid(d3223012ddb39d24584825882e7ea40b) Importer(2089858483,b0f066a214c2f5e87bad3c948f4d605d)
Start importing Assets/Samples/XR Interaction Toolkit/2.5.4/Starter Assets/Presets/XRI Default XR Screen Space Controller.preset using Guid(d3223012ddb39d24584825882e7ea40b) Importer(2089858483,b0f066a214c2f5e87bad3c948f4d605d) (ScriptedImporter) -> (artifact id: 'b1a5bd55349530a5ab1f6fd98a6269eb') in 0.0521382 seconds
Number of updated asset objects reloaded before import = 0Number of asset objects unloaded after import = 11

========================================================================
Received Import Request.
  Time since last request: 0.000042 seconds.
  path: Assets/Samples/XR Interaction Toolkit/2.5.4/Starter Assets/Scripts/DestroySelf.cs
  artifactKey: Guid(717c12e2a4cfe764ab2580b1135e10fd) Importer(2089858483,b0f066a214c2f5e87bad3c948f4d605d)
Start importing Assets/Samples/XR Interaction Toolkit/2.5.4/Starter Assets/Scripts/DestroySelf.cs using Guid(717c12e2a4cfe764ab2580b1135e10fd) Importer(2089858483,b0f066a214c2f5e87bad3c948f4d605d) (ScriptedImporter) -> (artifact id: '7813a5701d7b9cf353826bdf0a1b64f9') in 0.3386814 seconds
Number of updated asset objects reloaded before import = 0Number of asset objects unloaded after import = 0

========================================================================
Received Import Request.
  Time since last request: 0.000042 seconds.
  path: Assets/InputSystem_Actions.inputactions
  artifactKey: Guid(052faaac586de48259a63d0c4782560b) Importer(2089858483,b0f066a214c2f5e87bad3c948f4d605d)
Start importing Assets/InputSystem_Actions.inputactions using Guid(052faaac586de48259a63d0c4782560b) Importer(2089858483,b0f066a214c2f5e87bad3c948f4d605d) (ScriptedImporter) -> (artifact id: 'f5442e66dac4e48d8497f627d46cd4fa') in 0.0895018 seconds
Number of updated asset objects reloaded before import = 0Number of asset objects unloaded after import = 22

========================================================================
Received Import Request.
  Time since last request: 0.000035 seconds.
  path: Assets/TerrainSampleAssets/Textures/Heightmaps/Mountain05_Heightmap.tif
  artifactKey: Guid(59cf4095c6c8e0f488ebe12abd1e569a) Importer(2089858483,b0f066a214c2f5e87bad3c948f4d605d)
Start importing Assets/TerrainSampleAssets/Textures/Heightmaps/Mountain05_Heightmap.tif using Guid(59cf4095c6c8e0f488ebe12abd1e569a) Importer(2089858483,b0f066a214c2f5e87bad3c948f4d605d) (ScriptedImporter) -> (artifact id: '1c476c4c1e73e3df3442f10320087be3') in 0.0635714 seconds
Number of updated asset objects reloaded before import = 0Number of asset objects unloaded after import = 1

========================================================================
Received Import Request.
  Time since last request: 0.000052 seconds.
  path: Assets/Samples/XR Interaction Toolkit/2.5.4/Starter Assets/Scripts/ObjectSpawner.cs
  artifactKey: Guid(956dd6cf70eaca449a45b6a95b96c8c1) Importer(2089858483,b0f066a214c2f5e87bad3c948f4d605d)
Start importing Assets/Samples/XR Interaction Toolkit/2.5.4/Starter Assets/Scripts/ObjectSpawner.cs using Guid(956dd6cf70eaca449a45b6a95b96c8c1) Importer(2089858483,b0f066a214c2f5e87bad3c948f4d605d) (ScriptedImporter) -> (artifact id: '91ceca4ad101c20f9c0ccb9b540d832d') in 0.0367958 seconds
Number of updated asset objects reloaded before import = 0Number of asset objects unloaded after import = 0

========================================================================
Received Import Request.
  Time since last request: 0.000037 seconds.
  path: Assets/TerrainSampleAssets/ShaderGraphs/TerrainGrass.shadergraph
  artifactKey: Guid(dfa3b96612ed4df4a97b7fd06217ba23) Importer(2089858483,b0f066a214c2f5e87bad3c948f4d605d)
Start importing Assets/TerrainSampleAssets/ShaderGraphs/TerrainGrass.shadergraph using Guid(dfa3b96612ed4df4a97b7fd06217ba23) Importer(2089858483,b0f066a214c2f5e87bad3c948f4d605d) (ScriptedImporter) -> (artifact id: 'babf172d7628af3cf9a6277d313e9a60') in 1.2321199 seconds
Number of updated asset objects reloaded before import = 0Number of asset objects unloaded after import = 11

========================================================================
Received Import Request.
  Time since last request: 0.000054 seconds.
  path: Assets/Samples/XR Interaction Toolkit/2.5.4/Starter Assets/Tunneling Vignette/TunnelingVignette.mat
  artifactKey: Guid(0a35b7e20f75a8540a2c14b9555078cb) Importer(2089858483,b0f066a214c2f5e87bad3c948f4d605d)
Start importing Assets/Samples/XR Interaction Toolkit/2.5.4/Starter Assets/Tunneling Vignette/TunnelingVignette.mat using Guid(0a35b7e20f75a8540a2c14b9555078cb) Importer(2089858483,b0f066a214c2f5e87bad3c948f4d605d) (ScriptedImporter) -> (artifact id: '52bd35585d862ac5632696a6ad4099ff') in 0.1562791 seconds
Number of updated asset objects reloaded before import = 0Number of asset objects unloaded after import = 1

========================================================================
Received Import Request.
  Time since last request: 0.000028 seconds.
  path: Assets/Samples/XR Interaction Toolkit/2.5.4/Starter Assets/Tunneling Vignette/TunnelingVignette.prefab
  artifactKey: Guid(6c8af5c8012f01440af6cb2bc3eb987c) Importer(2089858483,b0f066a214c2f5e87bad3c948f4d605d)
Start importing Assets/Samples/XR Interaction Toolkit/2.5.4/Starter Assets/Tunneling Vignette/TunnelingVignette.prefab using Guid(6c8af5c8012f01440af6cb2bc3eb987c) Importer(2089858483,b0f066a214c2f5e87bad3c948f4d605d) (ScriptedImporter) -> (artifact id: '9123ef41bee1dec77c35c6806ee1b9f3') in 0.0704585 seconds
Number of updated asset objects reloaded before import = 0Number of asset objects unloaded after import = 10

========================================================================
Received Import Request.
  Time since last request: 0.000049 seconds.
  path: Assets/Samples/XR Interaction Toolkit/2.5.4/Starter Assets/Scripts/XRPokeFollowAffordance.cs
  artifactKey: Guid(07b3638c2f5db5b479ff24c2859713d4) Importer(2089858483,b0f066a214c2f5e87bad3c948f4d605d)
Start importing Assets/Samples/XR Interaction Toolkit/2.5.4/Starter Assets/Scripts/XRPokeFollowAffordance.cs using Guid(07b3638c2f5db5b479ff24c2859713d4) Importer(2089858483,b0f066a214c2f5e87bad3c948f4d605d) (ScriptedImporter) -> (artifact id: '958ad66b90ce71b728507aa15ca1241f') in 0.0563982 seconds
Number of updated asset objects reloaded before import = 0Number of asset objects unloaded after import = 0

========================================================================
Received Import Request.
  Time since last request: 0.000027 seconds.
  path: Assets/Samples/XR Interaction Toolkit/2.5.4/Starter Assets/Tunneling Vignette/TunnelingVignette.shader
  artifactKey: Guid(e51b4af1e50be764e8de46e07d4e3f3f) Importer(2089858483,b0f066a214c2f5e87bad3c948f4d605d)
Start importing Assets/Samples/XR Interaction Toolkit/2.5.4/Starter Assets/Tunneling Vignette/TunnelingVignette.shader using Guid(e51b4af1e50be764e8de46e07d4e3f3f) Importer(2089858483,b0f066a214c2f5e87bad3c948f4d605d) (ScriptedImporter) -> (artifact id: 'f2375cd90355b95111bd51aef142f15b') in 0.1094996 seconds
Number of updated asset objects reloaded before import = 0Number of asset objects unloaded after import = 1

========================================================================
Received Import Request.
  Time since last request: 0.000037 seconds.
  path: Assets/Samples/XR Interaction Toolkit/2.5.4/Starter Assets/Tunneling Vignette/TunnelingVignetteHemisphere.fbx
  artifactKey: Guid(5833e680dc0f7ae47aec6b4286570484) Importer(2089858483,b0f066a214c2f5e87bad3c948f4d605d)
Start importing Assets/Samples/XR Interaction Toolkit/2.5.4/Starter Assets/Tunneling Vignette/TunnelingVignetteHemisphere.fbx using Guid(5833e680dc0f7ae47aec6b4286570484) Importer(2089858483,b0f066a214c2f5e87bad3c948f4d605d) (ScriptedImporter) -> (artifact id: 'aca5878846b202c187c86ada1a2e1f53') in 0.0975527 seconds
Number of updated asset objects reloaded before import = 0Number of asset objects unloaded after import = 7

========================================================================
Received Import Request.
  Time since last request: 0.000036 seconds.
  path: Assets/Samples/XR Interaction Toolkit/2.5.4/Starter Assets/DemoSceneAssets/AffordanceThemes/InteractionColorAffordanceTheme.asset
  artifactKey: Guid(3ec238cb3e80e274c844d7b56f585392) Importer(2089858483,b0f066a214c2f5e87bad3c948f4d605d)
Start importing Assets/Samples/XR Interaction Toolkit/2.5.4/Starter Assets/DemoSceneAssets/AffordanceThemes/InteractionColorAffordanceTheme.asset using Guid(3ec238cb3e80e274c844d7b56f585392) Importer(2089858483,b0f066a214c2f5e87bad3c948f4d605d) (ScriptedImporter) -> (artifact id: '79e97ec0fcf5650b8e401cd2d179a9c9') in 0.1342453 seconds
Number of updated asset objects reloaded before import = 0Number of asset objects unloaded after import = 1

========================================================================
Received Import Request.
  Time since last request: 0.000042 seconds.
  path: Assets/Samples/XR Interaction Toolkit/2.5.4/Starter Assets/DemoSceneAssets/Audio/Button Pop.wav
  artifactKey: Guid(16fba6d30ed741d4a9fdd6e79ee2f3ac) Importer(2089858483,b0f066a214c2f5e87bad3c948f4d605d)
Start importing Assets/Samples/XR Interaction Toolkit/2.5.4/Starter Assets/DemoSceneAssets/Audio/Button Pop.wav using Guid(16fba6d30ed741d4a9fdd6e79ee2f3ac) Importer(2089858483,b0f066a214c2f5e87bad3c948f4d605d) (ScriptedImporter) -> (artifact id: 'dd16668ce17b52f31843277a2828ef59') in 0.3014338 seconds
Number of updated asset objects reloaded before import = 0Number of asset objects unloaded after import = 1

========================================================================
Received Import Request.
  Time since last request: 0.000060 seconds.
  path: Assets/Samples/XR Interaction Toolkit/2.5.4/Starter Assets/Tunneling Vignette/TunnelingVignetteSG.shadergraph
  artifactKey: Guid(c109fab5d2bf5f64598ed69d2c16ceb3) Importer(2089858483,b0f066a214c2f5e87bad3c948f4d605d)
Start importing Assets/Samples/XR Interaction Toolkit/2.5.4/Starter Assets/Tunneling Vignette/TunnelingVignetteSG.shadergraph using Guid(c109fab5d2bf5f64598ed69d2c16ceb3) Importer(2089858483,b0f066a214c2f5e87bad3c948f4d605d) (ScriptedImporter) -> (artifact id: 'a46596e54f04b1eb815acf36482afe52') in 0.0820967 seconds
Number of updated asset objects reloaded before import = 0Number of asset objects unloaded after import = 6

========================================================================
Received Import Request.
  Time since last request: 0.000046 seconds.
  path: Assets/Samples/XR Interaction Toolkit/2.5.4/Starter Assets/DemoSceneAssets/Models/Primitive_Torus.fbx
  artifactKey: Guid(f077c919501a44778a0c2edb6eb1a54a) Importer(2089858483,b0f066a214c2f5e87bad3c948f4d605d)
Start importing Assets/Samples/XR Interaction Toolkit/2.5.4/Starter Assets/DemoSceneAssets/Models/Primitive_Torus.fbx using Guid(f077c919501a44778a0c2edb6eb1a54a) Importer(2089858483,b0f066a214c2f5e87bad3c948f4d605d) (ScriptedImporter) -> (artifact id: 'f5e41eba4dc81b4090109e500d7e17e7') in 0.220274 seconds
Number of updated asset objects reloaded before import = 0Number of asset objects unloaded after import = 8

========================================================================
Received Import Request.
  Time since last request: 0.000036 seconds.
  path: Assets/Samples/XR Interaction Toolkit/2.5.4/Starter Assets/DemoSceneAssets/Models/Primitive_Pyramid.fbx
  artifactKey: Guid(63e02ddb08ce42da868504e1333d48ae) Importer(2089858483,b0f066a214c2f5e87bad3c948f4d605d)
Start importing Assets/Samples/XR Interaction Toolkit/2.5.4/Starter Assets/DemoSceneAssets/Models/Primitive_Pyramid.fbx using Guid(63e02ddb08ce42da868504e1333d48ae) Importer(2089858483,b0f066a214c2f5e87bad3c948f4d605d) (ScriptedImporter) -> (artifact id: '860da78220df55ac20eacb71a966cd6f') in 0.0742384 seconds
Number of updated asset objects reloaded before import = 0Number of asset objects unloaded after import = 8

========================================================================
Received Import Request.
  Time since last request: 0.000042 seconds.
  path: Assets/Samples/XR Interaction Toolkit/2.5.4/Starter Assets/DemoSceneAssets/Prefabs/Interactables Sample.prefab
  artifactKey: Guid(6821e1b7f44d8c44b8a2ba02f37309d5) Importer(2089858483,b0f066a214c2f5e87bad3c948f4d605d)
Start importing Assets/Samples/XR Interaction Toolkit/2.5.4/Starter Assets/DemoSceneAssets/Prefabs/Interactables Sample.prefab using Guid(6821e1b7f44d8c44b8a2ba02f37309d5) Importer(2089858483,b0f066a214c2f5e87bad3c948f4d605d) (ScriptedImporter) -> (artifact id: '2b8f5adc4cea980fda94c63a59d96f46') in 0.1016882 seconds
Number of updated asset objects reloaded before import = 0Number of asset objects unloaded after import = 56

========================================================================
Received Import Request.
  Time since last request: 0.000047 seconds.
  path: Assets/Samples/XR Interaction Toolkit/2.5.4/Starter Assets/DemoSceneAssets/Prefabs/Teleportation Environment.prefab
  artifactKey: Guid(3e07eccb5e6f459d886de95044adb1d9) Importer(2089858483,b0f066a214c2f5e87bad3c948f4d605d)
Start importing Assets/Samples/XR Interaction Toolkit/2.5.4/Starter Assets/DemoSceneAssets/Prefabs/Teleportation Environment.prefab using Guid(3e07eccb5e6f459d886de95044adb1d9) Importer(2089858483,b0f066a214c2f5e87bad3c948f4d605d) (ScriptedImporter) -> (artifact id: 'a448313a8f968a787e0c5f9dc0e14275') in 0.1268845 seconds
Number of updated asset objects reloaded before import = 0Number of asset objects unloaded after import = 74

========================================================================
Received Import Request.
  Time since last request: 0.000042 seconds.
  path: Assets/Samples/XR Interaction Toolkit/2.5.4/Starter Assets/DemoSceneAssets/Models/PushButton.fbx
  artifactKey: Guid(7ab6f3b0fd1a6ba41b2a47766c16613f) Importer(2089858483,b0f066a214c2f5e87bad3c948f4d605d)
Start importing Assets/Samples/XR Interaction Toolkit/2.5.4/Starter Assets/DemoSceneAssets/Models/PushButton.fbx using Guid(7ab6f3b0fd1a6ba41b2a47766c16613f) Importer(2089858483,b0f066a214c2f5e87bad3c948f4d605d) (ScriptedImporter) -> (artifact id: '7eeeefe3bd1307e54bfd4b2692d43b5e') in 0.0763212 seconds
Number of updated asset objects reloaded before import = 0Number of asset objects unloaded after import = 18

========================================================================
Received Import Request.
  Time since last request: 0.000029 seconds.
  path: Assets/Samples/XR Interaction Toolkit/2.5.4/Starter Assets/DemoSceneAssets/Prefabs/UI Sample.prefab
  artifactKey: Guid(fd28f23af44f73f4a95e33435872ad15) Importer(2089858483,b0f066a214c2f5e87bad3c948f4d605d)
Start importing Assets/Samples/XR Interaction Toolkit/2.5.4/Starter Assets/DemoSceneAssets/Prefabs/UI Sample.prefab using Guid(fd28f23af44f73f4a95e33435872ad15) Importer(2089858483,b0f066a214c2f5e87bad3c948f4d605d) (ScriptedImporter) -> (artifact id: 'd67d6853589cb1397fed6f163e061bb0') in 0.4782428 seconds
Number of updated asset objects reloaded before import = 0Number of asset objects unloaded after import = 315

========================================================================
Received Import Request.
  Time since last request: 0.000882 seconds.
  path: Assets/Samples/XR Interaction Toolkit/2.5.4/Starter Assets/DemoSceneAssets/Sprites/Asset.png
  artifactKey: Guid(17d565bb4a7744b41b7e4dc7e3a09e35) Importer(2089858483,b0f066a214c2f5e87bad3c948f4d605d)
Start importing Assets/Samples/XR Interaction Toolkit/2.5.4/Starter Assets/DemoSceneAssets/Sprites/Asset.png using Guid(17d565bb4a7744b41b7e4dc7e3a09e35) Importer(2089858483,b0f066a214c2f5e87bad3c948f4d605d) (ScriptedImporter) -> (artifact id: '65e87c4409c5498234ab9adf6498eac7') in 0.1829852 seconds
Number of updated asset objects reloaded before import = 0Number of asset objects unloaded after import = 3

========================================================================
Received Import Request.
  Time since last request: 0.000134 seconds.
  path: Assets/Samples/XR Interaction Toolkit/2.5.4/Starter Assets/DemoSceneAssets/Sprites/Checkmark.png
  artifactKey: Guid(db3e7b7c8db355e499429545071a0321) Importer(2089858483,b0f066a214c2f5e87bad3c948f4d605d)
Start importing Assets/Samples/XR Interaction Toolkit/2.5.4/Starter Assets/DemoSceneAssets/Sprites/Checkmark.png using Guid(db3e7b7c8db355e499429545071a0321) Importer(2089858483,b0f066a214c2f5e87bad3c948f4d605d) (ScriptedImporter) -> (artifact id: 'a5bd6104024b779fc75da004f38d8831') in 0.168153 seconds
Number of updated asset objects reloaded before import = 0Number of asset objects unloaded after import = 3

========================================================================
Received Import Request.
  Time since last request: 0.000049 seconds.
  path: Assets/Samples/XR Interaction Toolkit/2.5.4/Starter Assets/DemoSceneAssets/Sprites/Circle_60x60_Horizontal.png
  artifactKey: Guid(e45f8f823c093d941855bb23b53b9414) Importer(2089858483,b0f066a214c2f5e87bad3c948f4d605d)
Start importing Assets/Samples/XR Interaction Toolkit/2.5.4/Starter Assets/DemoSceneAssets/Sprites/Circle_60x60_Horizontal.png using Guid(e45f8f823c093d941855bb23b53b9414) Importer(2089858483,b0f066a214c2f5e87bad3c948f4d605d) (ScriptedImporter) -> (artifact id: '6d9cb948e7604e5eacaaa839215bfab5') in 0.1204636 seconds
Number of updated asset objects reloaded before import = 0Number of asset objects unloaded after import = 3

========================================================================
Received Import Request.
  Time since last request: 0.000028 seconds.
  path: Assets/Samples/XR Interaction Toolkit/2.5.4/Starter Assets/DemoSceneAssets/Scripts/IncrementUIText.cs
  artifactKey: Guid(ba6ff5e7c92519444bc2a7ca46558963) Importer(2089858483,b0f066a214c2f5e87bad3c948f4d605d)
Start importing Assets/Samples/XR Interaction Toolkit/2.5.4/Starter Assets/DemoSceneAssets/Scripts/IncrementUIText.cs using Guid(ba6ff5e7c92519444bc2a7ca46558963) Importer(2089858483,b0f066a214c2f5e87bad3c948f4d605d) (ScriptedImporter) -> (artifact id: 'a34afe7af3f7ecdaafb93a84a29f1bb8') in 0.0245645 seconds
Number of updated asset objects reloaded before import = 0Number of asset objects unloaded after import = 0

========================================================================
Received Import Request.
  Time since last request: 0.000042 seconds.
  path: Assets/Samples/XR Interaction Toolkit/2.5.4/Starter Assets/DemoSceneAssets/Sprites/Round Radius 4 Outline.png
  artifactKey: Guid(b7bad1260586fa746a0b67e930892936) Importer(2089858483,b0f066a214c2f5e87bad3c948f4d605d)
Start importing Assets/Samples/XR Interaction Toolkit/2.5.4/Starter Assets/DemoSceneAssets/Sprites/Round Radius 4 Outline.png using Guid(b7bad1260586fa746a0b67e930892936) Importer(2089858483,b0f066a214c2f5e87bad3c948f4d605d) (ScriptedImporter) -> (artifact id: '2087ba0de4ea0c6fb4dbf4fc90e57c65') in 0.0695697 seconds
Number of updated asset objects reloaded before import = 0Number of asset objects unloaded after import = 3

========================================================================
Received Import Request.
  Time since last request: 0.000029 seconds.
  path: Assets/Samples/XR Interaction Toolkit/2.5.4/Starter Assets/DemoSceneAssets/Sprites/Round Radius 4.png
  artifactKey: Guid(affa059594145a843b81788037b4ee21) Importer(2089858483,b0f066a214c2f5e87bad3c948f4d605d)
Start importing Assets/Samples/XR Interaction Toolkit/2.5.4/Starter Assets/DemoSceneAssets/Sprites/Round Radius 4.png using Guid(affa059594145a843b81788037b4ee21) Importer(2089858483,b0f066a214c2f5e87bad3c948f4d605d) (ScriptedImporter) -> (artifact id: '5658db1b9ba3d0e52ab0aefc2731e130') in 0.0755298 seconds
Number of updated asset objects reloaded before import = 0Number of asset objects unloaded after import = 3

========================================================================
Received Import Request.
  Time since last request: 0.000037 seconds.
  path: Assets/my stuff/Iceberg/Materials/ICE.mat
  artifactKey: Guid(926dcdaed1721414abb4de51295cf6c9) Importer(2089858483,b0f066a214c2f5e87bad3c948f4d605d)
Start importing Assets/my stuff/Iceberg/Materials/ICE.mat using Guid(926dcdaed1721414abb4de51295cf6c9) Importer(2089858483,b0f066a214c2f5e87bad3c948f4d605d) (ScriptedImporter) -> (artifact id: '00fea897345f9608a25365b67dd290a2') in 0.0950153 seconds
Number of updated asset objects reloaded before import = 0Number of asset objects unloaded after import = 9

========================================================================
Received Import Request.
  Time since last request: 0.000041 seconds.
  path: Assets/Samples/XR Interaction Toolkit/2.5.4/Starter Assets/Prefabs/Controllers/XR Controller Left.prefab
  artifactKey: Guid(1392f805216c47742996d4742c80721c) Importer(2089858483,b0f066a214c2f5e87bad3c948f4d605d)
Start importing Assets/Samples/XR Interaction Toolkit/2.5.4/Starter Assets/Prefabs/Controllers/XR Controller Left.prefab using Guid(1392f805216c47742996d4742c80721c) Importer(2089858483,b0f066a214c2f5e87bad3c948f4d605d) (ScriptedImporter) -> (artifact id: '40c2f9e5fd4c2dd899137bb0d204a237') in 0.0416512 seconds
Number of updated asset objects reloaded before import = 0Number of asset objects unloaded after import = 51

========================================================================
Received Import Request.
  Time since last request: 0.000067 seconds.
  path: Assets/Samples/XR Interaction Toolkit/2.5.4/Starter Assets/Editor/Scripts/StarterAssetsSampleProjectValidation.cs
  artifactKey: Guid(ef67ceb22b2224643a2d5004fc2a678a) Importer(2089858483,b0f066a214c2f5e87bad3c948f4d605d)
Start importing Assets/Samples/XR Interaction Toolkit/2.5.4/Starter Assets/Editor/Scripts/StarterAssetsSampleProjectValidation.cs using Guid(ef67ceb22b2224643a2d5004fc2a678a) Importer(2089858483,b0f066a214c2f5e87bad3c948f4d605d) (ScriptedImporter) -> (artifact id: '154b73c5561d911027f900b367da90ac') in 0.0398327 seconds
Number of updated asset objects reloaded before import = 0Number of asset objects unloaded after import = 0

========================================================================
Received Import Request.
  Time since last request: 0.000029 seconds.
  path: Assets/Samples/XR Interaction Toolkit/2.5.4/Starter Assets/Prefabs/Interactors/Direct Interactor.prefab
  artifactKey: Guid(2fd3e07afe5b461490fb8e314976b1b0) Importer(2089858483,b0f066a214c2f5e87bad3c948f4d605d)
Start importing Assets/Samples/XR Interaction Toolkit/2.5.4/Starter Assets/Prefabs/Interactors/Direct Interactor.prefab using Guid(2fd3e07afe5b461490fb8e314976b1b0) Importer(2089858483,b0f066a214c2f5e87bad3c948f4d605d) (ScriptedImporter) -> (artifact id: '31f8372ffb280b444eb985fe61c32104') in 0.1825781 seconds
Number of updated asset objects reloaded before import = 0Number of asset objects unloaded after import = 6

========================================================================
Received Import Request.
  Time since last request: 0.000238 seconds.
  path: Assets/Samples/XR Interaction Toolkit/2.5.4/Starter Assets/Prefabs/Interactors/Gaze Interactor.prefab
  artifactKey: Guid(b84cd05e1160fe34cab2585022c8cd99) Importer(2089858483,b0f066a214c2f5e87bad3c948f4d605d)
Start importing Assets/Samples/XR Interaction Toolkit/2.5.4/Starter Assets/Prefabs/Interactors/Gaze Interactor.prefab using Guid(b84cd05e1160fe34cab2585022c8cd99) Importer(2089858483,b0f066a214c2f5e87bad3c948f4d605d) (ScriptedImporter) -> (artifact id: '90847dd481c9e66db4f132558d9fb667') in 1.2987478 seconds
Number of updated asset objects reloaded before import = 0Number of asset objects unloaded after import = 13

========================================================================
Received Import Request.
  Time since last request: 0.000044 seconds.
  path: Assets/Samples/XR Interaction Toolkit/2.5.4/Starter Assets/Prefabs/Interactors/Poke Interactor.prefab
  artifactKey: Guid(27024f5809f4a4347b9cd7f26a1bdf93) Importer(2089858483,b0f066a214c2f5e87bad3c948f4d605d)
Start importing Assets/Samples/XR Interaction Toolkit/2.5.4/Starter Assets/Prefabs/Interactors/Poke Interactor.prefab using Guid(27024f5809f4a4347b9cd7f26a1bdf93) Importer(2089858483,b0f066a214c2f5e87bad3c948f4d605d) (ScriptedImporter) -> (artifact id: '5b459f3248341096995ece7a3dd87bb2') in 0.0762484 seconds
Number of updated asset objects reloaded before import = 0Number of asset objects unloaded after import = 13

========================================================================
Received Import Request.
  Time since last request: 0.000050 seconds.
  path: Assets/Samples/XR Interaction Toolkit/2.5.4/Starter Assets/Prefabs/Interactors/Ray Interactor.prefab
  artifactKey: Guid(ad818c36731146e994540a1896ad8f24) Importer(2089858483,b0f066a214c2f5e87bad3c948f4d605d)
Start importing Assets/Samples/XR Interaction Toolkit/2.5.4/Starter Assets/Prefabs/Interactors/Ray Interactor.prefab using Guid(ad818c36731146e994540a1896ad8f24) Importer(2089858483,b0f066a214c2f5e87bad3c948f4d605d) (ScriptedImporter) -> (artifact id: 'efcd24a36871329bb774d556c3d0e4e9') in 0.1139089 seconds
Number of updated asset objects reloaded before import = 0Number of asset objects unloaded after import = 8

========================================================================
Received Import Request.
  Time since last request: 0.000044 seconds.
  path: Assets/Samples/XR Interaction Toolkit/2.5.4/Starter Assets/Prefabs/Interactors/Teleport Interactor.prefab
  artifactKey: Guid(c1800acf6366418a9b5f610249000331) Importer(2089858483,b0f066a214c2f5e87bad3c948f4d605d)
Start importing Assets/Samples/XR Interaction Toolkit/2.5.4/Starter Assets/Prefabs/Interactors/Teleport Interactor.prefab using Guid(c1800acf6366418a9b5f610249000331) Importer(2089858483,b0f066a214c2f5e87bad3c948f4d605d) (ScriptedImporter) -> (artifact id: 'ffab081ed2ff239a96b30025dbda66c9') in 0.0879949 seconds
Number of updated asset objects reloaded before import = 0Number of asset objects unloaded after import = 36

========================================================================
Received Import Request.
  Time since last request: 0.000051 seconds.
  path: Assets/Samples/XR Interaction Toolkit/2.5.4/Starter Assets/Prefabs/Teleport/Blocking Teleport Reticle.prefab
  artifactKey: Guid(a3fde713df4d99042a0403c4be9eea32) Importer(2089858483,b0f066a214c2f5e87bad3c948f4d605d)
Start importing Assets/Samples/XR Interaction Toolkit/2.5.4/Starter Assets/Prefabs/Teleport/Blocking Teleport Reticle.prefab using Guid(a3fde713df4d99042a0403c4be9eea32) Importer(2089858483,b0f066a214c2f5e87bad3c948f4d605d) (ScriptedImporter) -> (artifact id: 'b05571e90b21fb1710e060a05f92c8b9') in 0.0427372 seconds
Number of updated asset objects reloaded before import = 0Number of asset objects unloaded after import = 17

========================================================================
Received Import Request.
  Time since last request: 0.000032 seconds.
  path: Assets/Samples/XR Interaction Toolkit/2.5.4/Starter Assets/Prefabs/Controllers/XR Controller Right.prefab
  artifactKey: Guid(9f3369e30fbd31f4bb596b1a99babe83) Importer(2089858483,b0f066a214c2f5e87bad3c948f4d605d)
Start importing Assets/Samples/XR Interaction Toolkit/2.5.4/Starter Assets/Prefabs/Controllers/XR Controller Right.prefab using Guid(9f3369e30fbd31f4bb596b1a99babe83) Importer(2089858483,b0f066a214c2f5e87bad3c948f4d605d) (ScriptedImporter) -> (artifact id: '144ccd13fb7fad54d4b060eadf401a69') in 0.0685027 seconds
Number of updated asset objects reloaded before import = 0Number of asset objects unloaded after import = 51

========================================================================
Received Import Request.
  Time since last request: 0.000059 seconds.
  path: Assets/Samples/XR Interaction Toolkit/2.5.4/Starter Assets/Prefabs/Teleport/Directional Teleport Reticle.prefab
  artifactKey: Guid(893219773891c784ab469a39151879b4) Importer(2089858483,b0f066a214c2f5e87bad3c948f4d605d)
Start importing Assets/Samples/XR Interaction Toolkit/2.5.4/Starter Assets/Prefabs/Teleport/Directional Teleport Reticle.prefab using Guid(893219773891c784ab469a39151879b4) Importer(2089858483,b0f066a214c2f5e87bad3c948f4d605d) (ScriptedImporter) -> (artifact id: 'b0e2b185ba4be13c7e36ff3d599a3a4d') in 0.0365701 seconds
Number of updated asset objects reloaded before import = 0Number of asset objects unloaded after import = 14

========================================================================
Received Import Request.
  Time since last request: 0.000044 seconds.
  path: Assets/Samples/XR Interaction Toolkit/2.5.4/Starter Assets/DemoSceneAssets/Prefabs/Climb/Climb Sample.prefab
  artifactKey: Guid(2ea572d587ee60f44bd5baa3bc2d6503) Importer(2089858483,b0f066a214c2f5e87bad3c948f4d605d)
Start importing Assets/Samples/XR Interaction Toolkit/2.5.4/Starter Assets/DemoSceneAssets/Prefabs/Climb/Climb Sample.prefab using Guid(2ea572d587ee60f44bd5baa3bc2d6503) Importer(2089858483,b0f066a214c2f5e87bad3c948f4d605d) (ScriptedImporter) -> (artifact id: '189b1122ae601649766430dea4f8a363') in 0.2295585 seconds
Number of updated asset objects reloaded before import = 0Number of asset objects unloaded after import = 493

========================================================================
Received Import Request.
  Time since last request: 0.000055 seconds.
  path: Assets/Samples/XR Interaction Toolkit/2.5.4/Starter Assets/DemoSceneAssets/Prefabs/Climb/Ladder.prefab
  artifactKey: Guid(b3830b3b2f190ee46a9c88433e985221) Importer(2089858483,b0f066a214c2f5e87bad3c948f4d605d)
Start importing Assets/Samples/XR Interaction Toolkit/2.5.4/Starter Assets/DemoSceneAssets/Prefabs/Climb/Ladder.prefab using Guid(b3830b3b2f190ee46a9c88433e985221) Importer(2089858483,b0f066a214c2f5e87bad3c948f4d605d) (ScriptedImporter) -> (artifact id: '6e13d6b02c4240314bb13e345c195d71') in 0.0449432 seconds
Number of updated asset objects reloaded before import = 0Number of asset objects unloaded after import = 141

========================================================================
Received Import Request.
  Time since last request: 0.000048 seconds.
  path: Assets/Samples/XR Interaction Toolkit/2.5.4/Starter Assets/DemoSceneAssets/Prefabs/Climb/Climbing Wall.prefab
  artifactKey: Guid(a0ea40bd139aedc43b0e8374d6139437) Importer(2089858483,b0f066a214c2f5e87bad3c948f4d605d)
Start importing Assets/Samples/XR Interaction Toolkit/2.5.4/Starter Assets/DemoSceneAssets/Prefabs/Climb/Climbing Wall.prefab using Guid(a0ea40bd139aedc43b0e8374d6139437) Importer(2089858483,b0f066a214c2f5e87bad3c948f4d605d) (ScriptedImporter) -> (artifact id: 'd1a4f1c3e17a6087a83431faf25dca7d') in 0.0617624 seconds
Number of updated asset objects reloaded before import = 0Number of asset objects unloaded after import = 345

========================================================================
Received Import Request.
  Time since last request: 0.000080 seconds.
  path: Assets/Samples/XR Interaction Toolkit/2.5.4/Starter Assets/DemoSceneAssets/Prefabs/Interactables/Interactable Instant Pyramid.prefab
  artifactKey: Guid(2ed984a58a974166bf92c82a74380454) Importer(2089858483,b0f066a214c2f5e87bad3c948f4d605d)
Start importing Assets/Samples/XR Interaction Toolkit/2.5.4/Starter Assets/DemoSceneAssets/Prefabs/Interactables/Interactable Instant Pyramid.prefab using Guid(2ed984a58a974166bf92c82a74380454) Importer(2089858483,b0f066a214c2f5e87bad3c948f4d605d) (ScriptedImporter) -> (artifact id: '3578819fa02b4493cc8674be300c6b17') in 0.0947029 seconds
Number of updated asset objects reloaded before import = 0Number of asset objects unloaded after import = 20

========================================================================
Received Import Request.
  Time since last request: 0.000234 seconds.
  path: Assets/Samples/XR Interaction Toolkit/2.5.4/Starter Assets/DemoSceneAssets/Prefabs/Interactables/Interactable Simple Cube.prefab
  artifactKey: Guid(2e16046ebcbcb6742a86569d82e56cce) Importer(2089858483,b0f066a214c2f5e87bad3c948f4d605d)
Start importing Assets/Samples/XR Interaction Toolkit/2.5.4/Starter Assets/DemoSceneAssets/Prefabs/Interactables/Interactable Simple Cube.prefab using Guid(2e16046ebcbcb6742a86569d82e56cce) Importer(2089858483,b0f066a214c2f5e87bad3c948f4d605d) (ScriptedImporter) -> (artifact id: 'eab48161dee57b7ece432129a5c980c6') in 0.059423 seconds
Number of updated asset objects reloaded before import = 0Number of asset objects unloaded after import = 18

========================================================================
Received Import Request.
  Time since last request: 0.000052 seconds.
  path: Assets/Samples/XR Interaction Toolkit/2.5.4/Starter Assets/DemoSceneAssets/Prefabs/Interactables/Interactable Kinematic Torus.prefab
  artifactKey: Guid(521327bdbcb341f782d36f02cab76cb0) Importer(2089858483,b0f066a214c2f5e87bad3c948f4d605d)
Start importing Assets/Samples/XR Interaction Toolkit/2.5.4/Starter Assets/DemoSceneAssets/Prefabs/Interactables/Interactable Kinematic Torus.prefab using Guid(521327bdbcb341f782d36f02cab76cb0) Importer(2089858483,b0f066a214c2f5e87bad3c948f4d605d) (ScriptedImporter) -> (artifact id: '501bec826f6d7c048869cdf41f32f964') in 0.0741745 seconds
Number of updated asset objects reloaded before import = 0Number of asset objects unloaded after import = 20

========================================================================
Received Import Request.
  Time since last request: 0.000039 seconds.
  path: Assets/Samples/XR Interaction Toolkit/2.5.4/Starter Assets/DemoSceneAssets/Prefabs/Interactables/Interactable Velocity Tracked Wedge.prefab
  artifactKey: Guid(d5615d616019430d9c2e8727e71c97fb) Importer(2089858483,b0f066a214c2f5e87bad3c948f4d605d)
Start importing Assets/Samples/XR Interaction Toolkit/2.5.4/Starter Assets/DemoSceneAssets/Prefabs/Interactables/Interactable Velocity Tracked Wedge.prefab using Guid(d5615d616019430d9c2e8727e71c97fb) Importer(2089858483,b0f066a214c2f5e87bad3c948f4d605d) (ScriptedImporter) -> (artifact id: '1ba49941a3aefc16dc1171b30cf737df') in 0.0562518 seconds
Number of updated asset objects reloaded before import = 0Number of asset objects unloaded after import = 20

========================================================================
Received Import Request.
  Time since last request: 0.000046 seconds.
  path: Assets/Samples/XR Interaction Toolkit/2.5.4/Starter Assets/DemoSceneAssets/Prefabs/Interactables/Interaction Affordance.prefab
  artifactKey: Guid(eb9104ef66b7305468adb3697fdeed5e) Importer(2089858483,b0f066a214c2f5e87bad3c948f4d605d)
Start importing Assets/Samples/XR Interaction Toolkit/2.5.4/Starter Assets/DemoSceneAssets/Prefabs/Interactables/Interaction Affordance.prefab using Guid(eb9104ef66b7305468adb3697fdeed5e) Importer(2089858483,b0f066a214c2f5e87bad3c948f4d605d) (ScriptedImporter) -> (artifact id: '5e23eb81d84d404494337b50c9e4ef11') in 0.0744402 seconds
Number of updated asset objects reloaded before import = 0Number of asset objects unloaded after import = 10

========================================================================
Received Import Request.
  Time since last request: 0.000031 seconds.
  path: Assets/Samples/XR Interaction Toolkit/2.5.4/Starter Assets/DemoSceneAssets/Prefabs/Interactables/Push Button.prefab
  artifactKey: Guid(76f3439a0ae796e4b81bee3f91f888ee) Importer(2089858483,b0f066a214c2f5e87bad3c948f4d605d)
Start importing Assets/Samples/XR Interaction Toolkit/2.5.4/Starter Assets/DemoSceneAssets/Prefabs/Interactables/Push Button.prefab using Guid(76f3439a0ae796e4b81bee3f91f888ee) Importer(2089858483,b0f066a214c2f5e87bad3c948f4d605d) (ScriptedImporter) -> (artifact id: '68208e9de0c06727fcf8b14feec41c97') in 0.124238 seconds
Number of updated asset objects reloaded before import = 0Number of asset objects unloaded after import = 30

========================================================================
Received Import Request.
  Time since last request: 0.000085 seconds.
  path: Assets/Samples/XR Interaction Toolkit/2.5.4/Starter Assets/DemoSceneAssets/Prefabs/Teleport/Teleport Anchor.prefab
  artifactKey: Guid(fad94b617f0540568dbf4c9c4011248c) Importer(2089858483,b0f066a214c2f5e87bad3c948f4d605d)
Start importing Assets/Samples/XR Interaction Toolkit/2.5.4/Starter Assets/DemoSceneAssets/Prefabs/Teleport/Teleport Anchor.prefab using Guid(fad94b617f0540568dbf4c9c4011248c) Importer(2089858483,b0f066a214c2f5e87bad3c948f4d605d) (ScriptedImporter) -> (artifact id: '6ac004c3bc15aec3eca6a983ff66fe3d') in 0.1022925 seconds
Number of updated asset objects reloaded before import = 0Number of asset objects unloaded after import = 13

========================================================================
Received Import Request.
  Time since last request: 0.000037 seconds.
  path: Assets/Oculus Hands/Animations/r_hand_fist_anim.fbx
  artifactKey: Guid(005ab0ae8aa7f74438a5fa50f7cd50e3) Importer(2089858483,b0f066a214c2f5e87bad3c948f4d605d)
Start importing Assets/Oculus Hands/Animations/r_hand_fist_anim.fbx using Guid(005ab0ae8aa7f74438a5fa50f7cd50e3) Importer(2089858483,b0f066a214c2f5e87bad3c948f4d605d) (ScriptedImporter) -> (artifact id: 'c7a472460ebd7a026a0e27de7257edc6') in 0.0399389 seconds
Number of updated asset objects reloaded before import = 0Number of asset objects unloaded after import = 55

========================================================================
Received Import Request.
  Time since last request: 0.000051 seconds.
  path: Assets/Samples/XR Interaction Toolkit/2.5.4/Starter Assets/DemoSceneAssets/Prefabs/Teleport/Teleport Area.prefab
  artifactKey: Guid(beb4e2871579447497fe41dfb108e2cd) Importer(2089858483,b0f066a214c2f5e87bad3c948f4d605d)
Start importing Assets/Samples/XR Interaction Toolkit/2.5.4/Starter Assets/DemoSceneAssets/Prefabs/Teleport/Teleport Area.prefab using Guid(beb4e2871579447497fe41dfb108e2cd) Importer(2089858483,b0f066a214c2f5e87bad3c948f4d605d) (ScriptedImporter) -> (artifact id: '1e8005e73d715cbda2ee86f8f62d7d94') in 0.1499623 seconds
Number of updated asset objects reloaded before import = 0Number of asset objects unloaded after import = 10

========================================================================
Received Import Request.
  Time since last request: 0.000033 seconds.
  path: Assets/Samples/XR Interaction Toolkit/2.5.4/Starter Assets/DemoSceneAssets/Prefabs/UI/Dropdown.prefab
  artifactKey: Guid(870459f1cb8d7b7428337cc5935feb67) Importer(2089858483,b0f066a214c2f5e87bad3c948f4d605d)
Start importing Assets/Samples/XR Interaction Toolkit/2.5.4/Starter Assets/DemoSceneAssets/Prefabs/UI/Dropdown.prefab using Guid(870459f1cb8d7b7428337cc5935feb67) Importer(2089858483,b0f066a214c2f5e87bad3c948f4d605d) (ScriptedImporter) -> (artifact id: 'e4cd014e758fe9b2a3934df167859725') in 0.4358383 seconds
Number of updated asset objects reloaded before import = 0Number of asset objects unloaded after import = 61

========================================================================
Received Import Request.
  Time since last request: 0.000047 seconds.
  path: Assets/Samples/XR Interaction Toolkit/2.5.4/Starter Assets/DemoSceneAssets/Prefabs/UI/Icon Toggle.prefab
  artifactKey: Guid(541ed11e270c6994ca5910042c7e04da) Importer(2089858483,b0f066a214c2f5e87bad3c948f4d605d)
Start importing Assets/Samples/XR Interaction Toolkit/2.5.4/Starter Assets/DemoSceneAssets/Prefabs/UI/Icon Toggle.prefab using Guid(541ed11e270c6994ca5910042c7e04da) Importer(2089858483,b0f066a214c2f5e87bad3c948f4d605d) (ScriptedImporter) -> (artifact id: '2fb2feddde8613147546d3183c05b430') in 0.0820438 seconds
Number of updated asset objects reloaded before import = 0Number of asset objects unloaded after import = 24

========================================================================
Received Import Request.
  Time since last request: 0.000046 seconds.
  path: Assets/Samples/XR Interaction Toolkit/2.5.4/Starter Assets/DemoSceneAssets/Prefabs/UI/Interactive Controls.prefab
  artifactKey: Guid(7bbb1960bab3e75459304488d8d1ffba) Importer(2089858483,b0f066a214c2f5e87bad3c948f4d605d)
Start importing Assets/Samples/XR Interaction Toolkit/2.5.4/Starter Assets/DemoSceneAssets/Prefabs/UI/Interactive Controls.prefab using Guid(7bbb1960bab3e75459304488d8d1ffba) Importer(2089858483,b0f066a214c2f5e87bad3c948f4d605d) (ScriptedImporter) -> (artifact id: '36c3effa4751200e5bed8e6dacd758ce') in 0.3196857 seconds
Number of updated asset objects reloaded before import = 0Number of asset objects unloaded after import = 204

========================================================================
Received Import Request.
  Time since last request: 0.000057 seconds.
  path: Assets/Samples/XR Interaction Toolkit/2.5.4/Starter Assets/DemoSceneAssets/Prefabs/UI/MinMaxSlider.prefab
  artifactKey: Guid(657321a07c3561043af55547ec4b0ed7) Importer(2089858483,b0f066a214c2f5e87bad3c948f4d605d)
Start importing Assets/Samples/XR Interaction Toolkit/2.5.4/Starter Assets/DemoSceneAssets/Prefabs/UI/MinMaxSlider.prefab using Guid(657321a07c3561043af55547ec4b0ed7) Importer(2089858483,b0f066a214c2f5e87bad3c948f4d605d) (ScriptedImporter) -> (artifact id: 'e91b3f12be563a45201bb2e8cbd6ecec') in 0.1156536 seconds
Number of updated asset objects reloaded before import = 0Number of asset objects unloaded after import = 26

========================================================================
Received Import Request.
  Time since last request: 0.000042 seconds.
  path: Assets/TerrainSampleAssets/Prefabs/GrassDry_B.prefab
  artifactKey: Guid(3d4dd2affe15db043a6502ae256cd0d4) Importer(2089858483,b0f066a214c2f5e87bad3c948f4d605d)
Start importing Assets/TerrainSampleAssets/Prefabs/GrassDry_B.prefab using Guid(3d4dd2affe15db043a6502ae256cd0d4) Importer(2089858483,b0f066a214c2f5e87bad3c948f4d605d) (ScriptedImporter) -> (artifact id: '8623e555e1fbb255771ce1fd5ea81bdb') in 0.0570611 seconds
Number of updated asset objects reloaded before import = 0Number of asset objects unloaded after import = 7

========================================================================
Received Import Request.
  Time since last request: 0.000047 seconds.
  path: Assets/Samples/XR Interaction Toolkit/2.5.4/Starter Assets/DemoSceneAssets/Prefabs/UI/Scroll UI Sample.prefab
  artifactKey: Guid(0cbc0856f0fb8d84a81be5dea463c369) Importer(2089858483,b0f066a214c2f5e87bad3c948f4d605d)
Start importing Assets/Samples/XR Interaction Toolkit/2.5.4/Starter Assets/DemoSceneAssets/Prefabs/UI/Scroll UI Sample.prefab using Guid(0cbc0856f0fb8d84a81be5dea463c369) Importer(2089858483,b0f066a214c2f5e87bad3c948f4d605d) (ScriptedImporter) -> (artifact id: '5a25f179beeab6e599694bf6c7341dac') in 0.0383149 seconds
Number of updated asset objects reloaded before import = 0Number of asset objects unloaded after import = 72

========================================================================
Received Import Request.
  Time since last request: 0.000036 seconds.
  path: Assets/Samples/XR Interaction Toolkit/2.5.4/Starter Assets/DemoSceneAssets/Prefabs/UI/Text Toggle.prefab
  artifactKey: Guid(6a448845c7017044e8a9f3d711cfe825) Importer(2089858483,b0f066a214c2f5e87bad3c948f4d605d)
Start importing Assets/Samples/XR Interaction Toolkit/2.5.4/Starter Assets/DemoSceneAssets/Prefabs/UI/Text Toggle.prefab using Guid(6a448845c7017044e8a9f3d711cfe825) Importer(2089858483,b0f066a214c2f5e87bad3c948f4d605d) (ScriptedImporter) -> (artifact id: '374df53321ca5683f61baf39509d254d') in 0.1273286 seconds
Number of updated asset objects reloaded before import = 0Number of asset objects unloaded after import = 28

========================================================================
Received Import Request.
  Time since last request: 0.000219 seconds.
  path: Assets/Samples/XR Interaction Toolkit/2.5.4/Starter Assets/DemoSceneAssets/Prefabs/UI/TextButton.prefab
  artifactKey: Guid(e5db301629853dd4a99835fa70099d79) Importer(2089858483,b0f066a214c2f5e87bad3c948f4d605d)
Start importing Assets/Samples/XR Interaction Toolkit/2.5.4/Starter Assets/DemoSceneAssets/Prefabs/UI/TextButton.prefab using Guid(e5db301629853dd4a99835fa70099d79) Importer(2089858483,b0f066a214c2f5e87bad3c948f4d605d) (ScriptedImporter) -> (artifact id: '335ae53ff17d321329271d58c6548c08') in 0.1136235 seconds
Number of updated asset objects reloaded before import = 0Number of asset objects unloaded after import = 24

========================================================================
Received Import Request.
  Time since last request: 0.000030 seconds.
  path: Assets/TerrainSampleAssets/Textures/Heightmaps/Mountain02_Heightmap.tif
  artifactKey: Guid(5b7433cfa322cdb4ba853ecd73127975) Importer(2089858483,b0f066a214c2f5e87bad3c948f4d605d)
Start importing Assets/TerrainSampleAssets/Textures/Heightmaps/Mountain02_Heightmap.tif using Guid(5b7433cfa322cdb4ba853ecd73127975) Importer(2089858483,b0f066a214c2f5e87bad3c948f4d605d) (ScriptedImporter) -> (artifact id: '7bf4f90cae167155eedd6628111a8c8a') in 0.0694176 seconds
Number of updated asset objects reloaded before import = 0Number of asset objects unloaded after import = 1

========================================================================
Received Import Request.
  Time since last request: 0.000227 seconds.
  path: Assets/my stuff/Iceberg/Terrain ice.shadergraph
  artifactKey: Guid(7de228833c7eb364ab9042aa1c92fd3f) Importer(2089858483,b0f066a214c2f5e87bad3c948f4d605d)
Start importing Assets/my stuff/Iceberg/Terrain ice.shadergraph using Guid(7de228833c7eb364ab9042aa1c92fd3f) Importer(2089858483,b0f066a214c2f5e87bad3c948f4d605d) (ScriptedImporter) -> (artifact id: '809f41e468bcb9a5dce58b40502795e7') in 0.065497 seconds
Number of updated asset objects reloaded before import = 0Number of asset objects unloaded after import = 5

========================================================================
Received Import Request.
  Time since last request: 0.000057 seconds.
  path: Assets/Samples/XR Interaction Toolkit/2.5.4/Starter Assets/Editor/Unity.XR.Interaction.Toolkit.Samples.StarterAssets.Editor.asmdef
  artifactKey: Guid(9233538b711383d449a485633568d17c) Importer(2089858483,b0f066a214c2f5e87bad3c948f4d605d)
Start importing Assets/Samples/XR Interaction Toolkit/2.5.4/Starter Assets/Editor/Unity.XR.Interaction.Toolkit.Samples.StarterAssets.Editor.asmdef using Guid(9233538b711383d449a485633568d17c) Importer(2089858483,b0f066a214c2f5e87bad3c948f4d605d) (ScriptedImporter) -> (artifact id: 'af5d8e20e9186efa166a4edadc5ed331') in 0.1531448 seconds
Number of updated asset objects reloaded before import = 0Number of asset objects unloaded after import = 1

========================================================================
Received Import Request.
  Time since last request: 0.000047 seconds.
  path: Assets/TerrainSampleAssets/TerrainBrushes/Terrainstamp_Plateau03_Brush.brush
  artifactKey: Guid(387141d2bd04a10459d9a306ca45434f) Importer(2089858483,b0f066a214c2f5e87bad3c948f4d605d)
Start importing Assets/TerrainSampleAssets/TerrainBrushes/Terrainstamp_Plateau03_Brush.brush using Guid(387141d2bd04a10459d9a306ca45434f) Importer(2089858483,b0f066a214c2f5e87bad3c948f4d605d) (ScriptedImporter) -> (artifact id: 'f791391726f6420f4de48a50a92c1bd3') in 0.035695 seconds
Number of updated asset objects reloaded before import = 0Number of asset objects unloaded after import = 2

========================================================================
Received Import Request.
  Time since last request: 0.000057 seconds.
  path: Assets/TerrainSampleAssets/TerrainBrushes/Terrainstamp_Canyon05_Brush.brush
  artifactKey: Guid(ceb297a70ecfb74479647a7e0e433265) Importer(2089858483,b0f066a214c2f5e87bad3c948f4d605d)
Start importing Assets/TerrainSampleAssets/TerrainBrushes/Terrainstamp_Canyon05_Brush.brush using Guid(ceb297a70ecfb74479647a7e0e433265) Importer(2089858483,b0f066a214c2f5e87bad3c948f4d605d) (ScriptedImporter) -> (artifact id: '0fcaac8f99c85f42ec680f31bd01463b') in 0.0715088 seconds
Number of updated asset objects reloaded before import = 0Number of asset objects unloaded after import = 2

========================================================================
Received Import Request.
  Time since last request: 0.000059 seconds.
  path: Assets/NewLayer2.terrainlayer
  artifactKey: Guid(fb0f2db6c92e51d41a979c372f129c24) Importer(2089858483,b0f066a214c2f5e87bad3c948f4d605d)
Start importing Assets/NewLayer2.terrainlayer using Guid(fb0f2db6c92e51d41a979c372f129c24) Importer(2089858483,b0f066a214c2f5e87bad3c948f4d605d) (ScriptedImporter) -> (artifact id: '8f5d338aff24dc6a09e2d304a2dedfab') in 0.0357734 seconds
Number of updated asset objects reloaded before import = 0Number of asset objects unloaded after import = 2

========================================================================
Received Import Request.
  Time since last request: 0.000039 seconds.
  path: Assets/my stuff/SetTurnType.cs
  artifactKey: Guid(a3b2e46828e343a4c81d4a1514eac66d) Importer(2089858483,b0f066a214c2f5e87bad3c948f4d605d)
Start importing Assets/my stuff/SetTurnType.cs using Guid(a3b2e46828e343a4c81d4a1514eac66d) Importer(2089858483,b0f066a214c2f5e87bad3c948f4d605d) (ScriptedImporter) -> (artifact id: 'e038c33a9d8d388fcbd50e3a0e955257') in 0.0319612 seconds
Number of updated asset objects reloaded before import = 0Number of asset objects unloaded after import = 0

========================================================================
Received Import Request.
  Time since last request: 0.000036 seconds.
  path: Assets/TerrainSampleAssets/Materials/GrassDry.asset
  artifactKey: Guid(0cf15945abe04ad4589592fd3bfcd17b) Importer(2089858483,b0f066a214c2f5e87bad3c948f4d605d)
Start importing Assets/TerrainSampleAssets/Materials/GrassDry.asset using Guid(0cf15945abe04ad4589592fd3bfcd17b) Importer(2089858483,b0f066a214c2f5e87bad3c948f4d605d) (ScriptedImporter) -> (artifact id: '9288bab4fb60cdc7ec9e5627ee104bf2') in 0.0655358 seconds
Number of updated asset objects reloaded before import = 0Number of asset objects unloaded after import = 1

========================================================================
Received Import Request.
  Time since last request: 0.000033 seconds.
  path: Assets/TerrainSampleAssets/TerrainBrushes/Terrainstamp_Rollinghills01_Brush.brush
  artifactKey: Guid(9bcbad10823d47140bc0c90bfc339f4e) Importer(2089858483,b0f066a214c2f5e87bad3c948f4d605d)
Start importing Assets/TerrainSampleAssets/TerrainBrushes/Terrainstamp_Rollinghills01_Brush.brush using Guid(9bcbad10823d47140bc0c90bfc339f4e) Importer(2089858483,b0f066a214c2f5e87bad3c948f4d605d) (ScriptedImporter) -> (artifact id: '57c797bf6aff052cb5e1e2e1c1b970aa') in 0.0548261 seconds
Number of updated asset objects reloaded before import = 0Number of asset objects unloaded after import = 2

========================================================================
Received Import Request.
  Time since last request: 0.000064 seconds.
  path: Assets/my stuff/AnimateHandOnInput.cs
  artifactKey: Guid(238e8bffa0a5b8542abecdef2996b064) Importer(2089858483,b0f066a214c2f5e87bad3c948f4d605d)
Start importing Assets/my stuff/AnimateHandOnInput.cs using Guid(238e8bffa0a5b8542abecdef2996b064) Importer(2089858483,b0f066a214c2f5e87bad3c948f4d605d) (ScriptedImporter) -> (artifact id: '7a78e01521ddd756aa719d372ea7b4a8') in 0.187467 seconds
Number of updated asset objects reloaded before import = 0Number of asset objects unloaded after import = 0

========================================================================
Received Import Request.
  Time since last request: 0.000031 seconds.
  path: Assets/my stuff/Terrain/Terrain/Ice normal.PNG
  artifactKey: Guid(865b55f66a015ad4d968c3983b309459) Importer(2089858483,b0f066a214c2f5e87bad3c948f4d605d)
Start importing Assets/my stuff/Terrain/Terrain/Ice normal.PNG using Guid(865b55f66a015ad4d968c3983b309459) Importer(2089858483,b0f066a214c2f5e87bad3c948f4d605d) (ScriptedImporter) -> (artifact id: '6c495798b37d55a60014727f5a085073') in 0.166464 seconds
Number of updated asset objects reloaded before import = 0Number of asset objects unloaded after import = 1

========================================================================
Received Import Request.
  Time since last request: 0.000055 seconds.
  path: Assets/TextMesh Pro/Shaders/TMP_SDF-Mobile-2-Pass.shader
  artifactKey: Guid(0178fcb869bafef4690d177d31d17db8) Importer(2089858483,b0f066a214c2f5e87bad3c948f4d605d)
Start importing Assets/TextMesh Pro/Shaders/TMP_SDF-Mobile-2-Pass.shader using Guid(0178fcb869bafef4690d177d31d17db8) Importer(2089858483,b0f066a214c2f5e87bad3c948f4d605d) (ScriptedImporter) -> (artifact id: 'cdfd8170d86251a65809e093a61e4bd2') in 0.0731083 seconds
Number of updated asset objects reloaded before import = 0Number of asset objects unloaded after import = 1

========================================================================
Received Import Request.
  Time since last request: 0.000036 seconds.
  path: Assets/NewMeshTerrain/NewMeshTerrain.prefab
  artifactKey: Guid(bbb666b6a617f04489cf3d62d14430bc) Importer(2089858483,b0f066a214c2f5e87bad3c948f4d605d)
Start importing Assets/NewMeshTerrain/NewMeshTerrain.prefab using Guid(bbb666b6a617f04489cf3d62d14430bc) Importer(2089858483,b0f066a214c2f5e87bad3c948f4d605d) (ScriptedImporter) -> (artifact id: '637aaaef653ceec6dabe84102ccec750') in 0.3352181 seconds
Number of updated asset objects reloaded before import = 0Number of asset objects unloaded after import = 8

========================================================================
Received Import Request.
  Time since last request: 0.001415 seconds.
  path: Assets/TerrainSampleAssets/Textures/Terrain/Tidal_Pools_MaskMap.tif
  artifactKey: Guid(e39c4b98a4756b043a23fb5b81e7b25a) Importer(2089858483,b0f066a214c2f5e87bad3c948f4d605d)
Start importing Assets/TerrainSampleAssets/Textures/Terrain/Tidal_Pools_MaskMap.tif using Guid(e39c4b98a4756b043a23fb5b81e7b25a) Importer(2089858483,b0f066a214c2f5e87bad3c948f4d605d) (ScriptedImporter) -> (artifact id: '64bbade5938c1f8e0c61fb924e167d9c') in 0.1993116 seconds
Number of updated asset objects reloaded before import = 0Number of asset objects unloaded after import = 1

========================================================================
Received Import Request.
  Time since last request: 0.001038 seconds.
  path: Assets/TerrainSampleAssets/TerrainLayers/Grass_Dry_TerrainLayer.terrainlayer
  artifactKey: Guid(0cbb01b61ed524a48a119d81aa262fed) Importer(2089858483,b0f066a214c2f5e87bad3c948f4d605d)
Start importing Assets/TerrainSampleAssets/TerrainLayers/Grass_Dry_TerrainLayer.terrainlayer using Guid(0cbb01b61ed524a48a119d81aa262fed) Importer(2089858483,b0f066a214c2f5e87bad3c948f4d605d) (ScriptedImporter) -> (artifact id: 'e7af39e1db9c2cd3308a7aaa5152d8be') in 0.3448555 seconds
Number of updated asset objects reloaded before import = 0Number of asset objects unloaded after import = 4

========================================================================
Received Import Request.
  Time since last request: 0.000192 seconds.
  path: Assets/TerrainSampleAssets/Textures/Terrain/Grass_B_BaseColor.tif
  artifactKey: Guid(e318f31bebce62d48a648da3f8ba56c9) Importer(2089858483,b0f066a214c2f5e87bad3c948f4d605d)
Start importing Assets/TerrainSampleAssets/Textures/Terrain/Grass_B_BaseColor.tif using Guid(e318f31bebce62d48a648da3f8ba56c9) Importer(2089858483,b0f066a214c2f5e87bad3c948f4d605d) (ScriptedImporter) -> (artifact id: 'a00183eed7e38184d1229d5fc12ab25e') in 0.1661284 seconds
Number of updated asset objects reloaded before import = 0Number of asset objects unloaded after import = 1

========================================================================
Received Import Request.
  Time since last request: 0.000036 seconds.
  path: Assets/Samples/XR Interaction Toolkit/2.5.4/Starter Assets/Presets/XRI Default Right ActionBasedControllerManager.preset
  artifactKey: Guid(55f7614a1d331d14bb631965514937d8) Importer(2089858483,b0f066a214c2f5e87bad3c948f4d605d)
Start importing Assets/Samples/XR Interaction Toolkit/2.5.4/Starter Assets/Presets/XRI Default Right ActionBasedControllerManager.preset using Guid(55f7614a1d331d14bb631965514937d8) Importer(2089858483,b0f066a214c2f5e87bad3c948f4d605d) (ScriptedImporter) -> (artifact id: 'cd56b2d6d90a2699362161bd90e71069') in 0.0455138 seconds
Number of updated asset objects reloaded before import = 0Number of asset objects unloaded after import = 8

========================================================================
Received Import Request.
  Time since last request: 0.000073 seconds.
  path: Assets/TextMesh Pro/Shaders/TMP_SDF-HDRP LIT.shadergraph
  artifactKey: Guid(ca2ed216f98028c4dae6c5224a952b3c) Importer(2089858483,b0f066a214c2f5e87bad3c948f4d605d)
Start importing Assets/TextMesh Pro/Shaders/TMP_SDF-HDRP LIT.shadergraph using Guid(ca2ed216f98028c4dae6c5224a952b3c) Importer(2089858483,b0f066a214c2f5e87bad3c948f4d605d) (ScriptedImporter) -> (artifact id: 'cb65876776974f719d3461c84281363b') in 3.2047826 seconds
Number of updated asset objects reloaded before import = 0Number of asset objects unloaded after import = 4

========================================================================
Received Import Request.
  Time since last request: 0.000062 seconds.
  path: Assets/TerrainSampleAssets/TerrainBrushes/Terrainstamp_Crackedground01_Brush.brush
  artifactKey: Guid(a27a2665c8aec334ba8bbba24ee0c827) Importer(2089858483,b0f066a214c2f5e87bad3c948f4d605d)
Start importing Assets/TerrainSampleAssets/TerrainBrushes/Terrainstamp_Crackedground01_Brush.brush using Guid(a27a2665c8aec334ba8bbba24ee0c827) Importer(2089858483,b0f066a214c2f5e87bad3c948f4d605d) (ScriptedImporter) -> (artifact id: '168e44c1e811fa4cbff44398e6499c7a') in 0.1205421 seconds
Number of updated asset objects reloaded before import = 0Number of asset objects unloaded after import = 2

========================================================================
Received Import Request.
  Time since last request: 0.000057 seconds.
  path: Assets/Samples/XR Interaction Toolkit/2.5.4/Starter Assets/DemoSceneAssets/Sprites/Forward.png
  artifactKey: Guid(f8ecc54972abacc46a93f671b0602139) Importer(2089858483,b0f066a214c2f5e87bad3c948f4d605d)
Start importing Assets/Samples/XR Interaction Toolkit/2.5.4/Starter Assets/DemoSceneAssets/Sprites/Forward.png using Guid(f8ecc54972abacc46a93f671b0602139) Importer(2089858483,b0f066a214c2f5e87bad3c948f4d605d) (ScriptedImporter) -> (artifact id: 'bb7b7e9c84f788273086dd1ecd9beefe') in 0.1288847 seconds
Number of updated asset objects reloaded before import = 0Number of asset objects unloaded after import = 3

========================================================================
Received Import Request.
  Time since last request: 0.000038 seconds.
  path: Assets/TextMesh Pro/Shaders/TMP_SDF-HDRP UNLIT.shadergraph
  artifactKey: Guid(f63d574838ccfb44f84acc05fed0af48) Importer(2089858483,b0f066a214c2f5e87bad3c948f4d605d)
Start importing Assets/TextMesh Pro/Shaders/TMP_SDF-HDRP UNLIT.shadergraph using Guid(f63d574838ccfb44f84acc05fed0af48) Importer(2089858483,b0f066a214c2f5e87bad3c948f4d605d) (ScriptedImporter) -> (artifact id: '630e937c487a86c9e0dd8fd4416ff346') in 0.5204559 seconds
Number of updated asset objects reloaded before import = 0Number of asset objects unloaded after import = 4

========================================================================
Received Import Request.
  Time since last request: 0.000376 seconds.
  path: Assets/TerrainSampleAssets/TerrainBrushes/Terrainstamp_Ridge06_Brush.brush
  artifactKey: Guid(24a7eabe2ad91f84fbf3a7ecf7b532b6) Importer(2089858483,b0f066a214c2f5e87bad3c948f4d605d)
Start importing Assets/TerrainSampleAssets/TerrainBrushes/Terrainstamp_Ridge06_Brush.brush using Guid(24a7eabe2ad91f84fbf3a7ecf7b532b6) Importer(2089858483,b0f066a214c2f5e87bad3c948f4d605d) (ScriptedImporter) -> (artifact id: 'ec6785193991ab3c60a114bbfaf1907f') in 0.0973992 seconds
Number of updated asset objects reloaded before import = 0Number of asset objects unloaded after import = 2

========================================================================
Received Import Request.
  Time since last request: 0.000046 seconds.
  path: Assets/TerrainSampleAssets/TerrainBrushes/Terrainstamp_Erode01_Brush.brush
  artifactKey: Guid(7ee3d567366c781458dc63f069654dff) Importer(2089858483,b0f066a214c2f5e87bad3c948f4d605d)
Start importing Assets/TerrainSampleAssets/TerrainBrushes/Terrainstamp_Erode01_Brush.brush using Guid(7ee3d567366c781458dc63f069654dff) Importer(2089858483,b0f066a214c2f5e87bad3c948f4d605d) (ScriptedImporter) -> (artifact id: '9e22f893e8f708d33c04abe022d99caa') in 0.2062052 seconds
Number of updated asset objects reloaded before import = 0Number of asset objects unloaded after import = 2

========================================================================
Received Import Request.
  Time since last request: 0.000050 seconds.
  path: Assets/TerrainSampleAssets/Textures/Details/GrassDry_Normal.tif
  artifactKey: Guid(17cc5677d5a413843b9003e53261c859) Importer(2089858483,b0f066a214c2f5e87bad3c948f4d605d)
Start importing Assets/TerrainSampleAssets/Textures/Details/GrassDry_Normal.tif using Guid(17cc5677d5a413843b9003e53261c859) Importer(2089858483,b0f066a214c2f5e87bad3c948f4d605d) (ScriptedImporter) -> (artifact id: '6956667b4d3d0717f00d2c957293649b') in 0.8643276 seconds
Number of updated asset objects reloaded before import = 0Number of asset objects unloaded after import = 1

========================================================================
Received Import Request.
  Time since last request: 0.000034 seconds.
  path: Assets/my stuff/Terrain/Terrain/heightmap_7.124381513988283_62.04321603198707_21.32191496951042.raw
  artifactKey: Guid(2081b2810f74dd345bb999fe1e2a7358) Importer(2089858483,b0f066a214c2f5e87bad3c948f4d605d)
Start importing Assets/my stuff/Terrain/Terrain/heightmap_7.124381513988283_62.04321603198707_21.32191496951042.raw using Guid(2081b2810f74dd345bb999fe1e2a7358) Importer(2089858483,b0f066a214c2f5e87bad3c948f4d605d) (ScriptedImporter) -> (artifact id: '8dcf49d040859280cab378ccb6f9f041') in 0.0811715 seconds
Number of updated asset objects reloaded before import = 0Number of asset objects unloaded after import = 1

========================================================================
Received Import Request.
  Time since last request: 0.000065 seconds.
  path: Assets/Samples/XR Interaction Toolkit/2.5.4/Starter Assets/Scripts/ActionBasedControllerManager.cs
  artifactKey: Guid(f9ac216f0eb04754b1d938aac6380b31) Importer(2089858483,b0f066a214c2f5e87bad3c948f4d605d)
Start importing Assets/Samples/XR Interaction Toolkit/2.5.4/Starter Assets/Scripts/ActionBasedControllerManager.cs using Guid(f9ac216f0eb04754b1d938aac6380b31) Importer(2089858483,b0f066a214c2f5e87bad3c948f4d605d) (ScriptedImporter) -> (artifact id: 'e07cf1b0534f4516960cdb916a144713') in 0.0406833 seconds
Number of updated asset objects reloaded before import = 0Number of asset objects unloaded after import = 0

========================================================================
Received Import Request.
  Time since last request: 0.000055 seconds.
  path: Assets/TerrainSampleAssets/Textures/Terrain/Grass_Moss_Normal.tif
  artifactKey: Guid(2114e87dbc5872042860b1588217688e) Importer(2089858483,b0f066a214c2f5e87bad3c948f4d605d)
Start importing Assets/TerrainSampleAssets/Textures/Terrain/Grass_Moss_Normal.tif using Guid(2114e87dbc5872042860b1588217688e) Importer(2089858483,b0f066a214c2f5e87bad3c948f4d605d) (ScriptedImporter) -> (artifact id: '1d1c2209df574750170b980dfcf1a7ef') in 0.0833021 seconds
Number of updated asset objects reloaded before import = 0Number of asset objects unloaded after import = 1

========================================================================
Received Import Request.
  Time since last request: 0.000057 seconds.
  path: Assets/Samples/XR Interaction Toolkit/2.5.4/Starter Assets/Unity.XR.Interaction.Toolkit.Samples.StarterAssets.asmdef
  artifactKey: Guid(8f07e33567e0ee542b40769c456c6b53) Importer(2089858483,b0f066a214c2f5e87bad3c948f4d605d)
Start importing Assets/Samples/XR Interaction Toolkit/2.5.4/Starter Assets/Unity.XR.Interaction.Toolkit.Samples.StarterAssets.asmdef using Guid(8f07e33567e0ee542b40769c456c6b53) Importer(2089858483,b0f066a214c2f5e87bad3c948f4d605d) (ScriptedImporter) -> (artifact id: '30eb63cf37d5c2f354b138dd173fc995') in 0.6415715 seconds
Number of updated asset objects reloaded before import = 0Number of asset objects unloaded after import = 1

========================================================================
Received Import Request.
  Time since last request: 0.000034 seconds.
  path: Assets/TerrainSampleAssets/Materials/Bush.asset
  artifactKey: Guid(a48ad8aadb27f004390383c89862e6f3) Importer(2089858483,b0f066a214c2f5e87bad3c948f4d605d)
Start importing Assets/TerrainSampleAssets/Materials/Bush.asset using Guid(a48ad8aadb27f004390383c89862e6f3) Importer(2089858483,b0f066a214c2f5e87bad3c948f4d605d) (ScriptedImporter) -> (artifact id: '4c08d99f6d3e9c8c89c1513237d616d1') in 0.0587701 seconds
Number of updated asset objects reloaded before import = 0Number of asset objects unloaded after import = 1

========================================================================
Received Import Request.
  Time since last request: 0.000049 seconds.
  path: Assets/TerrainSampleAssets/TerrainBrushes/Terrainstamp_Hills01_Brush.brush
  artifactKey: Guid(df5900f192ad71b4c9f0d3b57daadc1e) Importer(2089858483,b0f066a214c2f5e87bad3c948f4d605d)
Start importing Assets/TerrainSampleAssets/TerrainBrushes/Terrainstamp_Hills01_Brush.brush using Guid(df5900f192ad71b4c9f0d3b57daadc1e) Importer(2089858483,b0f066a214c2f5e87bad3c948f4d605d) (ScriptedImporter) -> (artifact id: 'f39d3d4b6520cf9b6cfeba481d3c587e') in 0.070306 seconds
Number of updated asset objects reloaded before import = 0Number of asset objects unloaded after import = 2

========================================================================
Received Import Request.
  Time since last request: 0.000048 seconds.
  path: Assets/Samples/XR Interaction Toolkit/2.5.4/Starter Assets/DemoSceneAssets/Prefabs/UI/Icon Button.prefab
  artifactKey: Guid(56686f82f64b0af4688a89676403a500) Importer(2089858483,b0f066a214c2f5e87bad3c948f4d605d)
Start importing Assets/Samples/XR Interaction Toolkit/2.5.4/Starter Assets/DemoSceneAssets/Prefabs/UI/Icon Button.prefab using Guid(56686f82f64b0af4688a89676403a500) Importer(2089858483,b0f066a214c2f5e87bad3c948f4d605d) (ScriptedImporter) -> (artifact id: 'cb1cd5f73396930b8627d92b51d62a89') in 0.1449082 seconds
Number of updated asset objects reloaded before import = 0Number of asset objects unloaded after import = 24

========================================================================
Received Import Request.
  Time since last request: 0.000050 seconds.
  path: Assets/Oculus Hands/Animations/Right Hand Animator.controller
  artifactKey: Guid(3338dde1ae80a3b43826deca5c238356) Importer(2089858483,b0f066a214c2f5e87bad3c948f4d605d)
Start importing Assets/Oculus Hands/Animations/Right Hand Animator.controller using Guid(3338dde1ae80a3b43826deca5c238356) Importer(2089858483,b0f066a214c2f5e87bad3c948f4d605d) (ScriptedImporter) -> (artifact id: 'd9b8564f47e66bdd760f54d30ef9a03c') in 0.0553687 seconds
Number of updated asset objects reloaded before import = 0Number of asset objects unloaded after import = 7

========================================================================
Received Import Request.
  Time since last request: 0.000100 seconds.
  path: Assets/TerrainSampleAssets/Textures/Terrain/Muddy_MaskMap.tif
  artifactKey: Guid(69ac4ffc59a4b194c9f03bec38be51ae) Importer(2089858483,b0f066a214c2f5e87bad3c948f4d605d)
Start importing Assets/TerrainSampleAssets/Textures/Terrain/Muddy_MaskMap.tif using Guid(69ac4ffc59a4b194c9f03bec38be51ae) Importer(2089858483,b0f066a214c2f5e87bad3c948f4d605d) (ScriptedImporter) -> (artifact id: 'abc717e563e2b21da1d4a90159427729') in 0.0665023 seconds
Number of updated asset objects reloaded before import = 0Number of asset objects unloaded after import = 1

========================================================================
Received Import Request.
  Time since last request: 0.000044 seconds.
  path: Assets/TextMesh Pro/Shaders/TMP_Sprite.shader
  artifactKey: Guid(cf81c85f95fe47e1a27f6ae460cf182c) Importer(2089858483,b0f066a214c2f5e87bad3c948f4d605d)
Start importing Assets/TextMesh Pro/Shaders/TMP_Sprite.shader using Guid(cf81c85f95fe47e1a27f6ae460cf182c) Importer(2089858483,b0f066a214c2f5e87bad3c948f4d605d) (ScriptedImporter) -> (artifact id: '5858d4bda58df813c03bcdaffc171604') in 0.0424058 seconds
Number of updated asset objects reloaded before import = 0Number of asset objects unloaded after import = 1

========================================================================
Received Import Request.
  Time since last request: 0.000035 seconds.
  path: Assets/TerrainSampleAssets/TerrainLayers/Sand_TerrainLayer.terrainlayer
  artifactKey: Guid(1ded3ba1c5a90054e8f23ddfa62fb2b7) Importer(2089858483,b0f066a214c2f5e87bad3c948f4d605d)
Start importing Assets/TerrainSampleAssets/TerrainLayers/Sand_TerrainLayer.terrainlayer using Guid(1ded3ba1c5a90054e8f23ddfa62fb2b7) Importer(2089858483,b0f066a214c2f5e87bad3c948f4d605d) (ScriptedImporter) -> (artifact id: '64b35fadfa6c3d707318ad9ead72032e') in 0.0930175 seconds
Number of updated asset objects reloaded before import = 0Number of asset objects unloaded after import = 4

========================================================================
Received Import Request.
  Time since last request: 0.000057 seconds.
  path: Assets/XRI/Settings/XRInteractionEditorSettings.asset
  artifactKey: Guid(af4abb9db0f64114eb8bb114e09a8895) Importer(2089858483,b0f066a214c2f5e87bad3c948f4d605d)
Start importing Assets/XRI/Settings/XRInteractionEditorSettings.asset using Guid(af4abb9db0f64114eb8bb114e09a8895) Importer(2089858483,b0f066a214c2f5e87bad3c948f4d605d) (ScriptedImporter) -> (artifact id: 'de44ed133e7f30bf2c66e7a65c338fd7') in 0.0644586 seconds
Number of updated asset objects reloaded before import = 0Number of asset objects unloaded after import = 1

========================================================================
Received Import Request.
  Time since last request: 0.000045 seconds.
  path: Assets/my stuff/Terrain/Terrain/TerrainGroup_0.prefab
  artifactKey: Guid(237ea296e938b074c98bfe015377f22f) Importer(2089858483,b0f066a214c2f5e87bad3c948f4d605d)
Start importing Assets/my stuff/Terrain/Terrain/TerrainGroup_0.prefab using Guid(237ea296e938b074c98bfe015377f22f) Importer(2089858483,b0f066a214c2f5e87bad3c948f4d605d) (ScriptedImporter) -> (artifact id: 'e9c4ec7938066617e15f08dfc200ec25') in 0.0455845 seconds
Number of updated asset objects reloaded before import = 0Number of asset objects unloaded after import = 9

========================================================================
Received Import Request.
  Time since last request: 0.000054 seconds.
  path: Assets/NewMeshTerrain/NewMeshTerrain.fbx
  artifactKey: Guid(8b03fbce59dac514c957c37a411b93a5) Importer(2089858483,b0f066a214c2f5e87bad3c948f4d605d)
Start importing Assets/NewMeshTerrain/NewMeshTerrain.fbx using Guid(8b03fbce59dac514c957c37a411b93a5) Importer(2089858483,b0f066a214c2f5e87bad3c948f4d605d) (ScriptedImporter) -> (artifact id: '74ea68b5ff80f9929a7618cc696de1d9') in 0.0716075 seconds
Number of updated asset objects reloaded before import = 0Number of asset objects unloaded after import = 8

========================================================================
Received Import Request.
  Time since last request: 0.000036 seconds.
  path: Assets/my stuff/Iceberg/snow normal.PNG
  artifactKey: Guid(78fd00efbc4cafa43b4edf64a84b3ab1) Importer(2089858483,b0f066a214c2f5e87bad3c948f4d605d)
Start importing Assets/my stuff/Iceberg/snow normal.PNG using Guid(78fd00efbc4cafa43b4edf64a84b3ab1) Importer(2089858483,b0f066a214c2f5e87bad3c948f4d605d) (ScriptedImporter) -> (artifact id: '6dca3b186a294952b0221e2e88c46660') in 0.6515103 seconds
Number of updated asset objects reloaded before import = 0Number of asset objects unloaded after import = 1

========================================================================
Received Import Request.
  Time since last request: 0.000046 seconds.
  path: Assets/TextMesh Pro/Shaders/TMP_Bitmap-Mobile.shader
  artifactKey: Guid(1e3b057af24249748ff873be7fafee47) Importer(2089858483,b0f066a214c2f5e87bad3c948f4d605d)
Start importing Assets/TextMesh Pro/Shaders/TMP_Bitmap-Mobile.shader using Guid(1e3b057af24249748ff873be7fafee47) Importer(2089858483,b0f066a214c2f5e87bad3c948f4d605d) (ScriptedImporter) -> (artifact id: '603d5ccd59023c2e35717d993a38c68a') in 0.0468072 seconds
Number of updated asset objects reloaded before import = 0Number of asset objects unloaded after import = 1

========================================================================
Received Import Request.
  Time since last request: 0.000036 seconds.
  path: Assets/my stuff/Terrain/Terrain/Ekstrahert Geirangerfjord fil.tif
  artifactKey: Guid(b38b2d154f1776444b657032ca3cfc78) Importer(2089858483,b0f066a214c2f5e87bad3c948f4d605d)
Start importing Assets/my stuff/Terrain/Terrain/Ekstrahert Geirangerfjord fil.tif using Guid(b38b2d154f1776444b657032ca3cfc78) Importer(2089858483,b0f066a214c2f5e87bad3c948f4d605d) (ScriptedImporter) -> (artifact id: '0eb259c199fafea1e6a91c109976f88c') in 1.4979018 seconds
Number of updated asset objects reloaded before import = 0Number of asset objects unloaded after import = 1

========================================================================
Received Import Request.
  Time since last request: 0.000056 seconds.
  path: Assets/TextMesh Pro/ActivateGrabRay.cs
  artifactKey: Guid(02b53b821a1d90143bb9e7bde1c4dbec) Importer(2089858483,b0f066a214c2f5e87bad3c948f4d605d)
Start importing Assets/TextMesh Pro/ActivateGrabRay.cs using Guid(02b53b821a1d90143bb9e7bde1c4dbec) Importer(2089858483,b0f066a214c2f5e87bad3c948f4d605d) (ScriptedImporter) -> (artifact id: 'a4d1d560865c120fead7037eebcd3154') in 2.6683118 seconds
Number of updated asset objects reloaded before import = 0Number of asset objects unloaded after import = 0

========================================================================
Received Import Request.
  Time since last request: 0.000030 seconds.
  path: Assets/TerrainSampleAssets/Prefabs/Fern_C.prefab
  artifactKey: Guid(4786e2698ac97a949a9209febfcbd49b) Importer(2089858483,b0f066a214c2f5e87bad3c948f4d605d)
Start importing Assets/TerrainSampleAssets/Prefabs/Fern_C.prefab using Guid(4786e2698ac97a949a9209febfcbd49b) Importer(2089858483,b0f066a214c2f5e87bad3c948f4d605d) (ScriptedImporter) -> (artifact id: '1fc527f65fa63959f4d4abb47235ab84') in 0.2453946 seconds
Number of updated asset objects reloaded before import = 0Number of asset objects unloaded after import = 7

========================================================================
Received Import Request.
  Time since last request: 0.000135 seconds.
  path: Assets/TextMesh Pro/Shaders/TMP_SDF SSD.shader
  artifactKey: Guid(14eb328de4b8eb245bb7cea29e4ac00b) Importer(2089858483,b0f066a214c2f5e87bad3c948f4d605d)
Start importing Assets/TextMesh Pro/Shaders/TMP_SDF SSD.shader using Guid(14eb328de4b8eb245bb7cea29e4ac00b) Importer(2089858483,b0f066a214c2f5e87bad3c948f4d605d) (ScriptedImporter) -> (artifact id: 'd91dd61549c161ea1f4cb208aaf9e517') in 0.0463531 seconds
Number of updated asset objects reloaded before import = 0Number of asset objects unloaded after import = 1

========================================================================
Received Import Request.
  Time since last request: 0.000029 seconds.
  path: Assets/Samples/XR Interaction Toolkit/2.5.4/Starter Assets/DemoSceneAssets/Prefabs/UI/ModalSingleButton.prefab
  artifactKey: Guid(c24a7635b5761984d81cf6c4aac26e0d) Importer(2089858483,b0f066a214c2f5e87bad3c948f4d605d)
Start importing Assets/Samples/XR Interaction Toolkit/2.5.4/Starter Assets/DemoSceneAssets/Prefabs/UI/ModalSingleButton.prefab using Guid(c24a7635b5761984d81cf6c4aac26e0d) Importer(2089858483,b0f066a214c2f5e87bad3c948f4d605d) (ScriptedImporter) -> (artifact id: '83cc533103766d4c01268a7be96b14e5') in 0.0538845 seconds
Number of updated asset objects reloaded before import = 0Number of asset objects unloaded after import = 40

========================================================================
Received Import Request.
  Time since last request: 0.000057 seconds.
  path: Assets/TerrainSampleAssets/Textures/Terrain/Black_Sand_MaskMap.tif
  artifactKey: Guid(33e332af78571f249aa14092c01288cb) Importer(2089858483,b0f066a214c2f5e87bad3c948f4d605d)
Start importing Assets/TerrainSampleAssets/Textures/Terrain/Black_Sand_MaskMap.tif using Guid(33e332af78571f249aa14092c01288cb) Importer(2089858483,b0f066a214c2f5e87bad3c948f4d605d) (ScriptedImporter) -> (artifact id: '3805d6d3f74084d6e8451e6c155233ac') in 0.0598558 seconds
Number of updated asset objects reloaded before import = 0Number of asset objects unloaded after import = 1

========================================================================
Received Import Request.
  Time since last request: 0.000036 seconds.
  path: Assets/TerrainSampleAssets/Textures/Details/Fern_Normal.tif
  artifactKey: Guid(8cb2914aba3e5d545bb189195869f9f4) Importer(2089858483,b0f066a214c2f5e87bad3c948f4d605d)
Start importing Assets/TerrainSampleAssets/Textures/Details/Fern_Normal.tif using Guid(8cb2914aba3e5d545bb189195869f9f4) Importer(2089858483,b0f066a214c2f5e87bad3c948f4d605d) (ScriptedImporter) -> (artifact id: '0b3b76c71aa44f590053d2431f841e0d') in 3.5017555 seconds
Number of updated asset objects reloaded before import = 0Number of asset objects unloaded after import = 1

========================================================================
Received Import Request.
  Time since last request: 0.000038 seconds.
  path: Assets/TerrainSampleAssets/ShaderGraphs/CustomFunctions/CustomLighting.hlsl
  artifactKey: Guid(5f245f896176c8142bea5666a89372dc) Importer(2089858483,b0f066a214c2f5e87bad3c948f4d605d)
Start importing Assets/TerrainSampleAssets/ShaderGraphs/CustomFunctions/CustomLighting.hlsl using Guid(5f245f896176c8142bea5666a89372dc) Importer(2089858483,b0f066a214c2f5e87bad3c948f4d605d) (ScriptedImporter) -> (artifact id: '62f60515e803169ac8f41426b1dddc9a') in 0.6946207 seconds
Number of updated asset objects reloaded before import = 0Number of asset objects unloaded after import = 1

========================================================================
Received Import Request.
  Time since last request: 0.000151 seconds.
  path: Assets/TerrainSampleAssets/Textures/Details/Bush_A_Normal.tif
  artifactKey: Guid(e1ef57925b58e624bb0ddcc506f28e94) Importer(2089858483,b0f066a214c2f5e87bad3c948f4d605d)
Start importing Assets/TerrainSampleAssets/Textures/Details/Bush_A_Normal.tif using Guid(e1ef57925b58e624bb0ddcc506f28e94) Importer(2089858483,b0f066a214c2f5e87bad3c948f4d605d) (ScriptedImporter) -> (artifact id: 'b4715027b48007867bbf1f3d2dfa64d6') in 0.0681775 seconds
Number of updated asset objects reloaded before import = 0Number of asset objects unloaded after import = 1

========================================================================
Received Import Request.
  Time since last request: 0.000042 seconds.
  path: Assets/TerrainSampleAssets/TerrainBrushes/Terrainstamp_Slope04_Brush.brush
  artifactKey: Guid(da7c572fc46d2a345963c4775ee9dc60) Importer(2089858483,b0f066a214c2f5e87bad3c948f4d605d)
Start importing Assets/TerrainSampleAssets/TerrainBrushes/Terrainstamp_Slope04_Brush.brush using Guid(da7c572fc46d2a345963c4775ee9dc60) Importer(2089858483,b0f066a214c2f5e87bad3c948f4d605d) (ScriptedImporter) -> (artifact id: 'ff4a8dd6b316c319f0aa3e5d250256fe') in 0.3625899 seconds
Number of updated asset objects reloaded before import = 0Number of asset objects unloaded after import = 2

========================================================================
Received Import Request.
  Time since last request: 0.000047 seconds.
  path: Assets/TerrainSampleAssets/Textures/Terrain/Grass_A_MaskMap.tif
  artifactKey: Guid(bd4c61d030690814097a2076498d1c75) Importer(2089858483,b0f066a214c2f5e87bad3c948f4d605d)
Start importing Assets/TerrainSampleAssets/Textures/Terrain/Grass_A_MaskMap.tif using Guid(bd4c61d030690814097a2076498d1c75) Importer(2089858483,b0f066a214c2f5e87bad3c948f4d605d) (ScriptedImporter) -> (artifact id: 'dc633aae7c7256b3f3abc0d3fc545930') in 0.2686117 seconds
Number of updated asset objects reloaded before import = 0Number of asset objects unloaded after import = 1

========================================================================
Received Import Request.
  Time since last request: 0.000072 seconds.
  path: Assets/my stuff/ActivateTeleportationRays.cs
  artifactKey: Guid(1b599a434344bda4c82dd6beed8a3dd4) Importer(2089858483,b0f066a214c2f5e87bad3c948f4d605d)
Start importing Assets/my stuff/ActivateTeleportationRays.cs using Guid(1b599a434344bda4c82dd6beed8a3dd4) Importer(2089858483,b0f066a214c2f5e87bad3c948f4d605d) (ScriptedImporter) -> (artifact id: '2eb5dae7808fc7687ca6dd9fa424da5e') in 0.0227549 seconds
Number of updated asset objects reloaded before import = 0Number of asset objects unloaded after import = 0

========================================================================
Received Import Request.
  Time since last request: 0.000024 seconds.
  path: Assets/my stuff/Materials/ICE.mat
  artifactKey: Guid(6924b93b9aae091418c48e2f03fecaad) Importer(2089858483,b0f066a214c2f5e87bad3c948f4d605d)
Start importing Assets/my stuff/Materials/ICE.mat using Guid(6924b93b9aae091418c48e2f03fecaad) Importer(2089858483,b0f066a214c2f5e87bad3c948f4d605d) (ScriptedImporter) -> (artifact id: '3eab391f7aa916d0b8eefa9e4411bd4b') in 0.0322391 seconds
Number of updated asset objects reloaded before import = 0Number of asset objects unloaded after import = 2

========================================================================
Received Import Request.
  Time since last request: 0.000029 seconds.
  path: Assets/TerrainSampleAssets/TerrainBrushes/Terrainstamp_Canyon03_Brush.brush
  artifactKey: Guid(d4e29f095247ea040aabee8a6cb3b010) Importer(2089858483,b0f066a214c2f5e87bad3c948f4d605d)
Start importing Assets/TerrainSampleAssets/TerrainBrushes/Terrainstamp_Canyon03_Brush.brush using Guid(d4e29f095247ea040aabee8a6cb3b010) Importer(2089858483,b0f066a214c2f5e87bad3c948f4d605d) (ScriptedImporter) -> (artifact id: 'e965f727165fb7b9ec7e9467b26af2f1') in 0.0430382 seconds
Number of updated asset objects reloaded before import = 0Number of asset objects unloaded after import = 2

========================================================================
Received Import Request.
  Time since last request: 0.000042 seconds.
  path: Assets/TerrainSampleAssets/Textures/Heightmaps/Mountain07_Heightmap.tif
  artifactKey: Guid(ce420f179549a9c4f9a08a26260e8d18) Importer(2089858483,b0f066a214c2f5e87bad3c948f4d605d)
Start importing Assets/TerrainSampleAssets/Textures/Heightmaps/Mountain07_Heightmap.tif using Guid(ce420f179549a9c4f9a08a26260e8d18) Importer(2089858483,b0f066a214c2f5e87bad3c948f4d605d) (ScriptedImporter) -> (artifact id: '440890808ca0dbf5f76c70b4367b8340') in 0.0730089 seconds
Number of updated asset objects reloaded before import = 0Number of asset objects unloaded after import = 1

========================================================================
Received Import Request.
  Time since last request: 0.000036 seconds.
  path: Assets/XR/Loaders/OpenXRLoader.asset
  artifactKey: Guid(96a556eb66e05df438d5d01335b8d2bb) Importer(2089858483,b0f066a214c2f5e87bad3c948f4d605d)
Start importing Assets/XR/Loaders/OpenXRLoader.asset using Guid(96a556eb66e05df438d5d01335b8d2bb) Importer(2089858483,b0f066a214c2f5e87bad3c948f4d605d) (ScriptedImporter) -> (artifact id: '7a7d60a7490d99d7c8f4f751182ca5e0') in 0.0329021 seconds
Number of updated asset objects reloaded before import = 0Number of asset objects unloaded after import = 1

========================================================================
Received Import Request.
  Time since last request: 0.000053 seconds.
  path: Assets/TerrainSampleAssets/TerrainBrushes/Terrainstamp_Island01_Brush.brush
  artifactKey: Guid(52ed55fadd8d2b34cb0f9f08adb04a84) Importer(2089858483,b0f066a214c2f5e87bad3c948f4d605d)
Start importing Assets/TerrainSampleAssets/TerrainBrushes/Terrainstamp_Island01_Brush.brush using Guid(52ed55fadd8d2b34cb0f9f08adb04a84) Importer(2089858483,b0f066a214c2f5e87bad3c948f4d605d) (ScriptedImporter) -> (artifact id: '8330450a0baa8a9997bed247b3894ef2') in 0.0366534 seconds
Number of updated asset objects reloaded before import = 0Number of asset objects unloaded after import = 2

========================================================================
Received Import Request.
  Time since last request: 0.000028 seconds.
  path: Assets/Plugins/UnityLibrary/GeoTiffImporter/Libs/libtiff_net_license.txt
  artifactKey: Guid(2e9a51461d660f749a835d3ac2f6f212) Importer(2089858483,b0f066a214c2f5e87bad3c948f4d605d)
Start importing Assets/Plugins/UnityLibrary/GeoTiffImporter/Libs/libtiff_net_license.txt using Guid(2e9a51461d660f749a835d3ac2f6f212) Importer(2089858483,b0f066a214c2f5e87bad3c948f4d605d) (ScriptedImporter) -> (artifact id: '35e8269af807b8e34195fed641b8a71b') in 0.5691561 seconds
Number of updated asset objects reloaded before import = 0Number of asset objects unloaded after import = 1

========================================================================
Received Import Request.
  Time since last request: 0.000059 seconds.
  path: Assets/Samples/XR Interaction Toolkit/2.5.4/Starter Assets/DemoSceneAssets/Prefabs/Teleport/Snapping Teleport Anchor.prefab
  artifactKey: Guid(037ba65d346be2a48ad006b9a9a3873e) Importer(2089858483,b0f066a214c2f5e87bad3c948f4d605d)
Start importing Assets/Samples/XR Interaction Toolkit/2.5.4/Starter Assets/DemoSceneAssets/Prefabs/Teleport/Snapping Teleport Anchor.prefab using Guid(037ba65d346be2a48ad006b9a9a3873e) Importer(2089858483,b0f066a214c2f5e87bad3c948f4d605d) (ScriptedImporter) -> (artifact id: '0fbb3e7eec10a7bfc2ee0fe1177da5c6') in 0.0731868 seconds
Number of updated asset objects reloaded before import = 0Number of asset objects unloaded after import = 29

========================================================================
Received Import Request.
  Time since last request: 0.000039 seconds.
  path: Assets/TerrainSampleAssets/Textures/Heightmaps/Slope03_Heightmap.tiff
  artifactKey: Guid(282e12329d9099343890f875c1429e1a) Importer(2089858483,b0f066a214c2f5e87bad3c948f4d605d)
Start importing Assets/TerrainSampleAssets/Textures/Heightmaps/Slope03_Heightmap.tiff using Guid(282e12329d9099343890f875c1429e1a) Importer(2089858483,b0f066a214c2f5e87bad3c948f4d605d) (ScriptedImporter) -> (artifact id: '15bc49eedafb2d7a7cf031557f1dc822') in 0.0665586 seconds
Number of updated asset objects reloaded before import = 0Number of asset objects unloaded after import = 1

========================================================================
Received Import Request.
  Time since last request: 0.000059 seconds.
  path: Assets/Samples/XR Interaction Toolkit/2.5.4/Starter Assets/Prefabs/XR Origin (XR Rig).prefab
  artifactKey: Guid(f6336ac4ac8b4d34bc5072418cdc62a0) Importer(2089858483,b0f066a214c2f5e87bad3c948f4d605d)
Start importing Assets/Samples/XR Interaction Toolkit/2.5.4/Starter Assets/Prefabs/XR Origin (XR Rig).prefab using Guid(f6336ac4ac8b4d34bc5072418cdc62a0) Importer(2089858483,b0f066a214c2f5e87bad3c948f4d605d) (ScriptedImporter) -> (artifact id: 'e3d257941f46ddbe4d36db259bcd018d') in 0.1092964 seconds
Number of updated asset objects reloaded before import = 0Number of asset objects unloaded after import = 307

========================================================================
Received Import Request.
  Time since last request: 0.000037 seconds.
  path: Assets/TerrainSampleAssets/Textures/Terrain/Sand_BaseColor.tif
  artifactKey: Guid(e18ae12a8286a594bae0eb036ce9bc12) Importer(2089858483,b0f066a214c2f5e87bad3c948f4d605d)
Start importing Assets/TerrainSampleAssets/Textures/Terrain/Sand_BaseColor.tif using Guid(e18ae12a8286a594bae0eb036ce9bc12) Importer(2089858483,b0f066a214c2f5e87bad3c948f4d605d) (ScriptedImporter) -> (artifact id: '28b45630acfd178ec71ba1e55004f50c') in 0.495485 seconds
Number of updated asset objects reloaded before import = 0Number of asset objects unloaded after import = 1

========================================================================
Received Import Request.
  Time since last request: 0.000064 seconds.
  path: Assets/TerrainSampleAssets/TerrainBrushes/Terrainstamp_Volcano02_Brush.brush
  artifactKey: Guid(5bcc5a77fc677c24c98eb188064d3acd) Importer(2089858483,b0f066a214c2f5e87bad3c948f4d605d)
Start importing Assets/TerrainSampleAssets/TerrainBrushes/Terrainstamp_Volcano02_Brush.brush using Guid(5bcc5a77fc677c24c98eb188064d3acd) Importer(2089858483,b0f066a214c2f5e87bad3c948f4d605d) (ScriptedImporter) -> (artifact id: 'bec575a4150fd6b40fa2bc9b3d1c8c45') in 0.0514699 seconds
Number of updated asset objects reloaded before import = 0Number of asset objects unloaded after import = 2

========================================================================
Received Import Request.
  Time since last request: 0.000046 seconds.
  path: Assets/TextMesh Pro/Shaders/TMPro.cginc
  artifactKey: Guid(407bc68d299748449bbf7f48ee690f8d) Importer(2089858483,b0f066a214c2f5e87bad3c948f4d605d)
Start importing Assets/TextMesh Pro/Shaders/TMPro.cginc using Guid(407bc68d299748449bbf7f48ee690f8d) Importer(2089858483,b0f066a214c2f5e87bad3c948f4d605d) (ScriptedImporter) -> (artifact id: '27d3d6e9ac3dd2d299595e9705d82ebc') in 0.0404046 seconds
Number of updated asset objects reloaded before import = 0Number of asset objects unloaded after import = 1

========================================================================
Received Import Request.
  Time since last request: 0.000042 seconds.
  path: Assets/TextMesh Pro/Shaders/TMP_SDF Overlay.shader
  artifactKey: Guid(dd89cf5b9246416f84610a006f916af7) Importer(2089858483,b0f066a214c2f5e87bad3c948f4d605d)
Start importing Assets/TextMesh Pro/Shaders/TMP_SDF Overlay.shader using Guid(dd89cf5b9246416f84610a006f916af7) Importer(2089858483,b0f066a214c2f5e87bad3c948f4d605d) (ScriptedImporter) -> (artifact id: 'c979c9b528c7835ea4f305f18aec1d01') in 0.0429687 seconds
Number of updated asset objects reloaded before import = 0Number of asset objects unloaded after import = 1

========================================================================
Received Import Request.
  Time since last request: 0.000026 seconds.
  path: Assets/TerrainSampleAssets/Textures/Details/Grass_A_Normal.tif
  artifactKey: Guid(9a1568052101f2f48ba76e7342adc3f3) Importer(2089858483,b0f066a214c2f5e87bad3c948f4d605d)
Start importing Assets/TerrainSampleAssets/Textures/Details/Grass_A_Normal.tif using Guid(9a1568052101f2f48ba76e7342adc3f3) Importer(2089858483,b0f066a214c2f5e87bad3c948f4d605d) (ScriptedImporter) -> (artifact id: '69dbca87cabd4c2bf22092f708691eb9') in 0.28641 seconds
Number of updated asset objects reloaded before import = 0Number of asset objects unloaded after import = 1

========================================================================
Received Import Request.
  Time since last request: 0.000047 seconds.
  path: Assets/TerrainSampleAssets/Settings/FoliageDiffusionProfile.asset
  artifactKey: Guid(a4f9b0b21cfa10140b76854ccb395dcf) Importer(2089858483,b0f066a214c2f5e87bad3c948f4d605d)
Start importing Assets/TerrainSampleAssets/Settings/FoliageDiffusionProfile.asset using Guid(a4f9b0b21cfa10140b76854ccb395dcf) Importer(2089858483,b0f066a214c2f5e87bad3c948f4d605d) (ScriptedImporter) -> (artifact id: 'e842bda399abdf3ed213f4b5260adfd2') in 0.0788708 seconds
Number of updated asset objects reloaded before import = 0Number of asset objects unloaded after import = 1

========================================================================
Received Import Request.
  Time since last request: 0.000027 seconds.
  path: Assets/Oculus Hands/Prefabs/Left Hand Model.prefab
  artifactKey: Guid(65847589f926b734d9eaed6e25f0046b) Importer(2089858483,b0f066a214c2f5e87bad3c948f4d605d)
Start importing Assets/Oculus Hands/Prefabs/Left Hand Model.prefab using Guid(65847589f926b734d9eaed6e25f0046b) Importer(2089858483,b0f066a214c2f5e87bad3c948f4d605d) (ScriptedImporter) -> (artifact id: '4620370ed9e7bc890eb7a5d87ce61c7e') in 0.1362046 seconds
Number of updated asset objects reloaded before import = 0Number of asset objects unloaded after import = 69

========================================================================
Received Import Request.
  Time since last request: 0.000058 seconds.
  path: Assets/my stuff/Iceberg/snow normal3.PNG
  artifactKey: Guid(d43c5520292ab1b4998f79e775e4f984) Importer(2089858483,b0f066a214c2f5e87bad3c948f4d605d)
Start importing Assets/my stuff/Iceberg/snow normal3.PNG using Guid(d43c5520292ab1b4998f79e775e4f984) Importer(2089858483,b0f066a214c2f5e87bad3c948f4d605d) (ScriptedImporter) -> (artifact id: 'f7625d6858c7d68eaf7814993c67588f') in 0.050578 seconds
Number of updated asset objects reloaded before import = 0Number of asset objects unloaded after import = 1

========================================================================
Received Import Request.
  Time since last request: 0.000037 seconds.
  path: Assets/Oculus Hands/Animations/l_hand_pinch_anim.fbx
  artifactKey: Guid(a91ff20f7450bf446a6bf0bfb5e932ae) Importer(2089858483,b0f066a214c2f5e87bad3c948f4d605d)
Start importing Assets/Oculus Hands/Animations/l_hand_pinch_anim.fbx using Guid(a91ff20f7450bf446a6bf0bfb5e932ae) Importer(2089858483,b0f066a214c2f5e87bad3c948f4d605d) (ScriptedImporter) -> (artifact id: '33e56336f4fee557cbf020905b8a407d') in 0.0413361 seconds
Number of updated asset objects reloaded before import = 0Number of asset objects unloaded after import = 57

========================================================================
Received Import Request.
  Time since last request: 0.000057 seconds.
  path: Assets/TerrainSampleAssets/TerrainLayers/Pebbles_C_TerrainLayer.terrainlayer
  artifactKey: Guid(a579e897aa6ba004ab0e04fa3053263a) Importer(2089858483,b0f066a214c2f5e87bad3c948f4d605d)
Start importing Assets/TerrainSampleAssets/TerrainLayers/Pebbles_C_TerrainLayer.terrainlayer using Guid(a579e897aa6ba004ab0e04fa3053263a) Importer(2089858483,b0f066a214c2f5e87bad3c948f4d605d) (ScriptedImporter) -> (artifact id: '0ab292f028dde7d33620530de638fd30') in 0.0725321 seconds
Number of updated asset objects reloaded before import = 0Number of asset objects unloaded after import = 4

========================================================================
Received Import Request.
  Time since last request: 0.000043 seconds.
  path: Assets/my stuff/Terrain/Terrain/TerrainData_a3e7d967-2b37-4368-b540-319d8e06820a.asset
  artifactKey: Guid(30eee743786236146a15c06d2b10e484) Importer(2089858483,b0f066a214c2f5e87bad3c948f4d605d)
Start importing Assets/my stuff/Terrain/Terrain/TerrainData_a3e7d967-2b37-4368-b540-319d8e06820a.asset using Guid(30eee743786236146a15c06d2b10e484) Importer(2089858483,b0f066a214c2f5e87bad3c948f4d605d) (ScriptedImporter) -> (artifact id: '7a474874c3643f18dc72f6b459d3d4f3') in 0.0827412 seconds
Number of updated asset objects reloaded before import = 0Number of asset objects unloaded after import = 1

========================================================================
Received Import Request.
  Time since last request: 0.000053 seconds.
  path: Assets/TerrainSampleAssets/Textures/Heightmaps/Ridge05_Heightmap.tif
  artifactKey: Guid(d5746b47e7c4501479a9aaa297c095e3) Importer(2089858483,b0f066a214c2f5e87bad3c948f4d605d)
Start importing Assets/TerrainSampleAssets/Textures/Heightmaps/Ridge05_Heightmap.tif using Guid(d5746b47e7c4501479a9aaa297c095e3) Importer(2089858483,b0f066a214c2f5e87bad3c948f4d605d) (ScriptedImporter) -> (artifact id: 'fbd6957fbad705b31d0707fa40f1e0b0') in 0.8073052 seconds
Number of updated asset objects reloaded before import = 0Number of asset objects unloaded after import = 1

========================================================================
Received Import Request.
  Time since last request: 0.000045 seconds.
  path: Assets/TerrainSampleAssets/Models/Plant_D.asset
  artifactKey: Guid(6a7e8cd5e1ea8794c838b902529f257c) Importer(2089858483,b0f066a214c2f5e87bad3c948f4d605d)
Start importing Assets/TerrainSampleAssets/Models/Plant_D.asset using Guid(6a7e8cd5e1ea8794c838b902529f257c) Importer(2089858483,b0f066a214c2f5e87bad3c948f4d605d) (ScriptedImporter) -> (artifact id: '8a15a68178ad67dfd3ce7df3df08077f') in 0.0340796 seconds
Number of updated asset objects reloaded before import = 0Number of asset objects unloaded after import = 1

========================================================================
Received Import Request.
  Time since last request: 0.000066 seconds.
  path: Assets/TerrainSampleAssets/Models/Bush_B.asset
  artifactKey: Guid(1ea33222cad50ad49aa4978bc84846e4) Importer(2089858483,b0f066a214c2f5e87bad3c948f4d605d)
Start importing Assets/TerrainSampleAssets/Models/Bush_B.asset using Guid(1ea33222cad50ad49aa4978bc84846e4) Importer(2089858483,b0f066a214c2f5e87bad3c948f4d605d) (ScriptedImporter) -> (artifact id: '7a931d15e72c2e8679125eec0c94de4d') in 0.1873165 seconds
Number of updated asset objects reloaded before import = 0Number of asset objects unloaded after import = 1

========================================================================
Received Import Request.
  Time since last request: 0.000091 seconds.
  path: Assets/TerrainSampleAssets/Textures/Heightmaps/Default_White.tif
  artifactKey: Guid(63c633526981fac49b5eb44c0212bf2f) Importer(2089858483,b0f066a214c2f5e87bad3c948f4d605d)
Start importing Assets/TerrainSampleAssets/Textures/Heightmaps/Default_White.tif using Guid(63c633526981fac49b5eb44c0212bf2f) Importer(2089858483,b0f066a214c2f5e87bad3c948f4d605d) (ScriptedImporter) -> (artifact id: 'f19f45e0e53d77ec5cdbd78e606c6793') in 0.2027887 seconds
Number of updated asset objects reloaded before import = 0Number of asset objects unloaded after import = 1

========================================================================
Received Import Request.
  Time since last request: 0.000048 seconds.
  path: Assets/TextMesh Pro/Resources/TMP Settings.asset
  artifactKey: Guid(3f5b5dff67a942289a9defa416b206f3) Importer(2089858483,b0f066a214c2f5e87bad3c948f4d605d)
Start importing Assets/TextMesh Pro/Resources/TMP Settings.asset using Guid(3f5b5dff67a942289a9defa416b206f3) Importer(2089858483,b0f066a214c2f5e87bad3c948f4d605d) (ScriptedImporter) -> (artifact id: '0ef4c471d33f0555b50ccbf0de836dfd') in 0.0991324 seconds
Number of updated asset objects reloaded before import = 0Number of asset objects unloaded after import = 15

========================================================================
Received Import Request.
  Time since last request: 0.000039 seconds.
  path: Assets/Oculus Hands/Materials/Hands_solid.mat
  artifactKey: Guid(3637b758ff163493f8bb8b6d7e96d7ae) Importer(2089858483,b0f066a214c2f5e87bad3c948f4d605d)
Start importing Assets/Oculus Hands/Materials/Hands_solid.mat using Guid(3637b758ff163493f8bb8b6d7e96d7ae) Importer(2089858483,b0f066a214c2f5e87bad3c948f4d605d) (ScriptedImporter) -> (artifact id: 'e75b4a1645c8db9517c534996b1a764e') in 0.0417907 seconds
Number of updated asset objects reloaded before import = 0Number of asset objects unloaded after import = 2

========================================================================
Received Import Request.
  Time since last request: 0.000054 seconds.
  path: Assets/TerrainSampleAssets/TerrainBrushes/Terrainstamp_Erode02_Brush.brush
  artifactKey: Guid(b4f1a8962849d1e418cbb0637143dc00) Importer(2089858483,b0f066a214c2f5e87bad3c948f4d605d)
Start importing Assets/TerrainSampleAssets/TerrainBrushes/Terrainstamp_Erode02_Brush.brush using Guid(b4f1a8962849d1e418cbb0637143dc00) Importer(2089858483,b0f066a214c2f5e87bad3c948f4d605d) (ScriptedImporter) -> (artifact id: '2bb75f64db02b993ff18db12d270f6f7') in 0.0425953 seconds
Number of updated asset objects reloaded before import = 0Number of asset objects unloaded after import = 2

========================================================================
Received Import Request.
  Time since last request: 0.000039 seconds.
  path: Assets/TextMesh Pro/Shaders/TMP_Bitmap.shader
  artifactKey: Guid(128e987d567d4e2c824d754223b3f3b0) Importer(2089858483,b0f066a214c2f5e87bad3c948f4d605d)
Start importing Assets/TextMesh Pro/Shaders/TMP_Bitmap.shader using Guid(128e987d567d4e2c824d754223b3f3b0) Importer(2089858483,b0f066a214c2f5e87bad3c948f4d605d) (ScriptedImporter) -> (artifact id: 'aea5a1073dd72033f1f25e98481410d0') in 0.0398008 seconds
Number of updated asset objects reloaded before import = 0Number of asset objects unloaded after import = 1

========================================================================
Received Import Request.
  Time since last request: 0.000037 seconds.
  path: Assets/Samples/XR Interaction Toolkit/2.5.4/Starter Assets/Scripts/GazeInputManager.cs
  artifactKey: Guid(6ef0e4723b64c884699a375196c13ac0) Importer(2089858483,b0f066a214c2f5e87bad3c948f4d605d)
Start importing Assets/Samples/XR Interaction Toolkit/2.5.4/Starter Assets/Scripts/GazeInputManager.cs using Guid(6ef0e4723b64c884699a375196c13ac0) Importer(2089858483,b0f066a214c2f5e87bad3c948f4d605d) (ScriptedImporter) -> (artifact id: '5186f3102004a9734898a9828318050f') in 0.0929371 seconds
Number of updated asset objects reloaded before import = 0Number of asset objects unloaded after import = 0

========================================================================
Received Import Request.
  Time since last request: 0.000036 seconds.
  path: Assets/TerrainSampleAssets/Textures/Details/Plant_MaskMap.tif
  artifactKey: Guid(58f96e5085ad49449a678cbc76949e47) Importer(2089858483,b0f066a214c2f5e87bad3c948f4d605d)
Start importing Assets/TerrainSampleAssets/Textures/Details/Plant_MaskMap.tif using Guid(58f96e5085ad49449a678cbc76949e47) Importer(2089858483,b0f066a214c2f5e87bad3c948f4d605d) (ScriptedImporter) -> (artifact id: 'fe5c1279683ebd6e181b0c532943fb34') in 0.3615722 seconds
Number of updated asset objects reloaded before import = 0Number of asset objects unloaded after import = 1

========================================================================
Received Import Request.
  Time since last request: 0.000142 seconds.
  path: Assets/TerrainSampleAssets/Models/GrassDry_B.asset
  artifactKey: Guid(34620cf8cdb76ba4b9af2acb627f7846) Importer(2089858483,b0f066a214c2f5e87bad3c948f4d605d)
Start importing Assets/TerrainSampleAssets/Models/GrassDry_B.asset using Guid(34620cf8cdb76ba4b9af2acb627f7846) Importer(2089858483,b0f066a214c2f5e87bad3c948f4d605d) (ScriptedImporter) -> (artifact id: 'fee3b816240abd23d50df934b9156e07') in 0.0341608 seconds
Number of updated asset objects reloaded before import = 0Number of asset objects unloaded after import = 1

========================================================================
Received Import Request.
  Time since last request: 0.000031 seconds.
  path: Assets/TextMesh Pro/Sprites/EmojiOne.json
  artifactKey: Guid(8f05276190cf498a8153f6cbe761d4e6) Importer(2089858483,b0f066a214c2f5e87bad3c948f4d605d)
Start importing Assets/TextMesh Pro/Sprites/EmojiOne.json using Guid(8f05276190cf498a8153f6cbe761d4e6) Importer(2089858483,b0f066a214c2f5e87bad3c948f4d605d) (ScriptedImporter) -> (artifact id: '3e9f030993b4da8c7163430a563f5c66') in 0.0401617 seconds
Number of updated asset objects reloaded before import = 0Number of asset objects unloaded after import = 1

========================================================================
Received Import Request.
  Time since last request: 0.000270 seconds.
  path: Assets/TerrainSampleAssets/Textures/Heightmaps/Plateau02_Heightmap.tif
  artifactKey: Guid(7fce2600db05ae54ea39d9e5681232cc) Importer(2089858483,b0f066a214c2f5e87bad3c948f4d605d)
Start importing Assets/TerrainSampleAssets/Textures/Heightmaps/Plateau02_Heightmap.tif using Guid(7fce2600db05ae54ea39d9e5681232cc) Importer(2089858483,b0f066a214c2f5e87bad3c948f4d605d) (ScriptedImporter) -> (artifact id: '0bd30a9866a01cc1eb786dad50bab51d') in 0.0594321 seconds
Number of updated asset objects reloaded before import = 0Number of asset objects unloaded after import = 1

========================================================================
Received Import Request.
  Time since last request: 0.000027 seconds.
  path: Assets/TerrainSampleAssets/Textures/Heightmaps/Slope02_Heightmap.tiff
  artifactKey: Guid(da02531a879811e48a7f7766744588c8) Importer(2089858483,b0f066a214c2f5e87bad3c948f4d605d)
Start importing Assets/TerrainSampleAssets/Textures/Heightmaps/Slope02_Heightmap.tiff using Guid(da02531a879811e48a7f7766744588c8) Importer(2089858483,b0f066a214c2f5e87bad3c948f4d605d) (ScriptedImporter) -> (artifact id: '396cf53db4198fa17a10c7de5e0f0c3d') in 0.0662243 seconds
Number of updated asset objects reloaded before import = 0Number of asset objects unloaded after import = 1

========================================================================
Received Import Request.
  Time since last request: 0.000041 seconds.
  path: Assets/TerrainSampleAssets/Textures/Terrain/Heather_MaskMap.tif
  artifactKey: Guid(240efe9002d9e7a44b9f2a592f357102) Importer(2089858483,b0f066a214c2f5e87bad3c948f4d605d)
Start importing Assets/TerrainSampleAssets/Textures/Terrain/Heather_MaskMap.tif using Guid(240efe9002d9e7a44b9f2a592f357102) Importer(2089858483,b0f066a214c2f5e87bad3c948f4d605d) (ScriptedImporter) -> (artifact id: '6a4192c3d45050f07e8bc4059a904888') in 0.0632116 seconds
Number of updated asset objects reloaded before import = 0Number of asset objects unloaded after import = 1

========================================================================
Received Import Request.
  Time since last request: 0.000036 seconds.
  path: Assets/TerrainSampleAssets/Textures/Terrain/Soil_Rocks_BaseColor.tif
  artifactKey: Guid(e257fa53a087b404d8579225e1c7cddb) Importer(2089858483,b0f066a214c2f5e87bad3c948f4d605d)
Start importing Assets/TerrainSampleAssets/Textures/Terrain/Soil_Rocks_BaseColor.tif using Guid(e257fa53a087b404d8579225e1c7cddb) Importer(2089858483,b0f066a214c2f5e87bad3c948f4d605d) (ScriptedImporter) -> (artifact id: '998554815e12c4976bf9d2ca2abbf75e') in 0.0612638 seconds
Number of updated asset objects reloaded before import = 0Number of asset objects unloaded after import = 1

========================================================================
Received Import Request.
  Time since last request: 0.000077 seconds.
  path: Assets/TerrainSampleAssets/Textures/Heightmaps/Soft_Peaks01_Heightmap.tif
  artifactKey: Guid(adfba81bdb8d30048bbea4ad595dbab7) Importer(2089858483,b0f066a214c2f5e87bad3c948f4d605d)
Start importing Assets/TerrainSampleAssets/Textures/Heightmaps/Soft_Peaks01_Heightmap.tif using Guid(adfba81bdb8d30048bbea4ad595dbab7) Importer(2089858483,b0f066a214c2f5e87bad3c948f4d605d) (ScriptedImporter) -> (artifact id: '908cfeb73854ef769ddf18e8874e4d47') in 0.0599282 seconds
Number of updated asset objects reloaded before import = 0Number of asset objects unloaded after import = 1

========================================================================
Received Import Request.
  Time since last request: 0.000031 seconds.
  path: Assets/Samples/XR Interaction Toolkit/2.5.4/Starter Assets/Presets/XRI Default Gaze Controller.preset
  artifactKey: Guid(2e6e6d902741c934ba75a28389d4f66e) Importer(2089858483,b0f066a214c2f5e87bad3c948f4d605d)
Start importing Assets/Samples/XR Interaction Toolkit/2.5.4/Starter Assets/Presets/XRI Default Gaze Controller.preset using Guid(2e6e6d902741c934ba75a28389d4f66e) Importer(2089858483,b0f066a214c2f5e87bad3c948f4d605d) (ScriptedImporter) -> (artifact id: 'ee1729c1ab4fff0522b9f834e9ef86ca') in 0.0331717 seconds
Number of updated asset objects reloaded before import = 0Number of asset objects unloaded after import = 6

========================================================================
Received Import Request.
  Time since last request: 0.000055 seconds.
  path: Assets/Samples/XR Interaction Toolkit/2.5.4/Starter Assets/Scripts/DynamicMoveProvider.cs
  artifactKey: Guid(9b1e8c997df241c1a67045eeac79b41b) Importer(2089858483,b0f066a214c2f5e87bad3c948f4d605d)
Start importing Assets/Samples/XR Interaction Toolkit/2.5.4/Starter Assets/Scripts/DynamicMoveProvider.cs using Guid(9b1e8c997df241c1a67045eeac79b41b) Importer(2089858483,b0f066a214c2f5e87bad3c948f4d605d) (ScriptedImporter) -> (artifact id: '42bfd213d8181723cbb40f31de6d5957') in 0.0352613 seconds
Number of updated asset objects reloaded before import = 0Number of asset objects unloaded after import = 0

========================================================================
Received Import Request.
  Time since last request: 0.000032 seconds.
  path: Assets/TerrainSampleAssets/Textures/Heightmaps/Canyon01_Heightmap.tif
  artifactKey: Guid(903360ef543b50449ae74931c4fddc2c) Importer(2089858483,b0f066a214c2f5e87bad3c948f4d605d)
Start importing Assets/TerrainSampleAssets/Textures/Heightmaps/Canyon01_Heightmap.tif using Guid(903360ef543b50449ae74931c4fddc2c) Importer(2089858483,b0f066a214c2f5e87bad3c948f4d605d) (ScriptedImporter) -> (artifact id: '61f6956a98c89629370b51f37754ee2d') in 0.046682 seconds
Number of updated asset objects reloaded before import = 0Number of asset objects unloaded after import = 1

========================================================================
Received Import Request.
  Time since last request: 0.000040 seconds.
  path: Assets/Samples/XR Interaction Toolkit/2.5.4/Starter Assets/Models/XRControllerLeft.fbx
  artifactKey: Guid(be3083a5f26d4e859d594ecbe632f87e) Importer(2089858483,b0f066a214c2f5e87bad3c948f4d605d)
Start importing Assets/Samples/XR Interaction Toolkit/2.5.4/Starter Assets/Models/XRControllerLeft.fbx using Guid(be3083a5f26d4e859d594ecbe632f87e) Importer(2089858483,b0f066a214c2f5e87bad3c948f4d605d) (ScriptedImporter) -> (artifact id: 'f325826512cf0c368d77171199942674') in 0.0759041 seconds
Number of updated asset objects reloaded before import = 0Number of asset objects unloaded after import = 52

========================================================================
Received Import Request.
  Time since last request: 0.000176 seconds.
  path: Assets/TerrainSampleAssets/Textures/Heightmaps/Cracked_Earth01_Heightmap.tif
  artifactKey: Guid(fc6089e3bffbdc9489980dbed57a64f6) Importer(2089858483,b0f066a214c2f5e87bad3c948f4d605d)
Start importing Assets/TerrainSampleAssets/Textures/Heightmaps/Cracked_Earth01_Heightmap.tif using Guid(fc6089e3bffbdc9489980dbed57a64f6) Importer(2089858483,b0f066a214c2f5e87bad3c948f4d605d) (ScriptedImporter) -> (artifact id: 'b6622d645e3618e568b3213b1cfbf6cf') in 0.0540754 seconds
Number of updated asset objects reloaded before import = 0Number of asset objects unloaded after import = 1

========================================================================
Received Import Request.
  Time since last request: 0.000056 seconds.
  path: Assets/TerrainSampleAssets/Textures/Terrain/Materials/Snow_Normal.mat
  artifactKey: Guid(4af9576faa1f8df4fa0dd49c12a8fe06) Importer(2089858483,b0f066a214c2f5e87bad3c948f4d605d)
Start importing Assets/TerrainSampleAssets/Textures/Terrain/Materials/Snow_Normal.mat using Guid(4af9576faa1f8df4fa0dd49c12a8fe06) Importer(2089858483,b0f066a214c2f5e87bad3c948f4d605d) (ScriptedImporter) -> (artifact id: '6d813dd6ec9b725b63899d3cb64066be') in 0.0593728 seconds
Number of updated asset objects reloaded before import = 0Number of asset objects unloaded after import = 9

========================================================================
Received Import Request.
  Time since last request: 0.000043 seconds.
  path: Assets/TerrainSampleAssets/Textures/Details/Heather_A_Thickness.tif
  artifactKey: Guid(0942f310de78e664aaaca6d7d276cb61) Importer(2089858483,b0f066a214c2f5e87bad3c948f4d605d)
Start importing Assets/TerrainSampleAssets/Textures/Details/Heather_A_Thickness.tif using Guid(0942f310de78e664aaaca6d7d276cb61) Importer(2089858483,b0f066a214c2f5e87bad3c948f4d605d) (ScriptedImporter) -> (artifact id: '85974d8caa29fc36e7742a69c41d8005') in 0.2971828 seconds
Number of updated asset objects reloaded before import = 0Number of asset objects unloaded after import = 1

========================================================================
Received Import Request.
  Time since last request: 0.000050 seconds.
  path: Assets/my stuff/Iceberg/snow normal4.PNG
  artifactKey: Guid(9fe72798794ab0f4eae9cbc31263bc23) Importer(2089858483,b0f066a214c2f5e87bad3c948f4d605d)
Start importing Assets/my stuff/Iceberg/snow normal4.PNG using Guid(9fe72798794ab0f4eae9cbc31263bc23) Importer(2089858483,b0f066a214c2f5e87bad3c948f4d605d) (ScriptedImporter) -> (artifact id: '9509e3cf2a12af65c40034cf61e5e8eb') in 0.0498907 seconds
Number of updated asset objects reloaded before import = 0Number of asset objects unloaded after import = 1

========================================================================
Received Import Request.
  Time since last request: 0.000068 seconds.
  path: Assets/my stuff/Terrain/Terrain/NewMeshTerrain.prefab
  artifactKey: Guid(08c7f2e4e788e8641b1f4a0774df79ec) Importer(2089858483,b0f066a214c2f5e87bad3c948f4d605d)
Start importing Assets/my stuff/Terrain/Terrain/NewMeshTerrain.prefab using Guid(08c7f2e4e788e8641b1f4a0774df79ec) Importer(2089858483,b0f066a214c2f5e87bad3c948f4d605d) (ScriptedImporter) -> (artifact id: 'e5276e8d4d91b156e528075efb3c81c2') in 0.0723346 seconds
Number of updated asset objects reloaded before import = 0Number of asset objects unloaded after import = 11

